object_id,target,kfold
Dornhoth_anwar_melethron,0,2
Dornhoth_archam_grond,0,0
Dornhoth_certh_iaun,0,0
Dornhoth_drafn_celon,0,2
Dornhoth_fervain_onodrim,0,1
Dornhoth_galadh_ylf,0,3
Dornhoth_gwend_nagol,0,2
Dornhoth_hervenn_tathar,0,0
Dornhoth_inias_gond,0,1
Dornhoth_lavan_ank,0,3
Dornhoth_pennas_emel,0,2
Dornhoth_rist_lalaith,0,2
Dornhoth_salab_corch,0,4
Dornhoth_thurin_gwaloth,0,4
Druadan_galadhrim_narthan,0,0
Druadan_galas_Eluwaith,0,0
Druadan_galas_ram,0,2
Druadan_lorn_morgul,0,4
Druadan_rodwen_bragol,1,3
Druadan_romru_araf,0,1
Druadan_tachol_aranarth,0,1
Druadan_tavor_fae,0,1
Elrim_cair_amon,0,2
Elrim_firiel_soga,0,3
Elrim_hal_amarth,0,4
Elrim_harad_menel,1,4
Elrim_heledir_fervain,0,3
Elrim_melethril_thul,0,1
Elrim_nana_dagnir,0,0
Elrim_sirion_hwiniol,0,0
Eluwaith_Druadan_cuin,0,1
Eluwaith_amarth_iar,0,0
Eluwaith_cyron_hwiniol,0,0
Eluwaith_faradrim_haudh,0,2
Eluwaith_lain_curunir,0,2
Eluwaith_nestad_in,0,3
Eluwaith_nost_magol,0,3
Eluwaith_rom_andrann,0,3
Eluwaith_tathar_gwend,0,2
Ennor_Tawarwaith_paich,0,4
Ennor_aduial_thavron,0,1
Ennor_imloth_morgul,1,4
Ennor_nimp_rovalug,0,3
Eru_alae_nath,0,4
Eru_gwathui_Mirion,0,0
Eru_iaun_rodwen,0,3
Eru_lasguil_lossen,0,2
Eru_meldir_ulug,0,4
Eru_mithren_aras,0,3
Eru_saelor_tegilbor,1,4
Gonhir_achad_melethril,0,3
Gonhir_fast_romru,1,2
Gonhir_fervain_ah,0,0
Gonhir_limlug_harad,0,3
Gonhir_rochir_Mirion,0,2
Gonhir_thavron_maen,0,0
Gwathuirim_drego_lebdas,0,1
Gwathuirim_gwanur_hu,0,3
Gwathuirim_hwiniol_celon,0,0
Gwathuirim_meldir_fuin,1,2
Gwathuirim_mund_ram,0,3
Gwathuirim_rochir_drafn,0,3
Ithil_caras_hadhod,0,2
Ithil_eglan_melethril,0,2
Ithil_fern_maen,0,3
Ithil_fuin_salph,0,3
Ithil_law_galas,0,2
Ithil_menel_agar,0,4
Ithil_minas_elvellon,0,4
Ithil_sogannen_glandagol,0,0
Ithil_tobas_rodwen,0,1
Ithil_uan_hub,0,1
Ithil_uanui_Eluwaith,0,4
Mirion_adar_Druadan,0,4
Mirion_baug_angos,0,4
Mirion_galadh_heledh,0,2
Mirion_gwathui_lebdas,0,2
Mirion_gwathui_thor,0,2
Mirion_ingem_ank,0,3
Mirion_lain_iaun,0,0
Mirion_lalaith_neledh,0,4
Mirion_lunt_fae,0,2
Mirion_malad_adar,0,3
Mirion_saer_curunir,0,3
Mithrim_alae_cund,1,0
Mithrim_firion_achas,0,3
Mithrim_haudh_pethron,0,0
Mithrim_ira_fae,0,4
Mithrim_lam_anann,0,3
Mithrim_lang_elvellon,0,0
Mithrim_mereth_rom,0,4
Mithrim_merilin_gwachaedir,0,1
Mithrim_mund_gas,0,4
Mithrim_pess_midh,0,2
Rochirrim_aiglos_achas,0,2
Rochirrim_araf_nim,0,2
Rochirrim_araf_nimp,0,1
Rochirrim_dunadan_annon,0,2
Rochirrim_gwael_muinthel,0,1
Rochirrim_haeron_cenedril,0,4
Rochirrim_lang_hador,0,0
Rochirrim_lebdas_pethron,0,1
Rochirrim_navaer_luithien,0,3
Rochirrim_nost_aes,0,3
Rochirrim_pennas_fervain,0,1
Rochirrim_pent_gil,0,3
Rochirrim_raegdan_tavor,0,0
Rochirrim_rust_adab,0,0
Sindarin_araf_pilin,1,1
Sindarin_cund_amloth,0,3
Sindarin_elu_ah,0,1
Sindarin_gwachaedir_lachenn,0,1
Sindarin_lalaith_bregedur,0,0
Sindarin_lam_dunedhel,0,4
Sindarin_minas_fervain,0,3
Sindarin_rusc_glamog,0,2
Tawarwaith_Gwathuirim_cabed,0,0
Tawarwaith_cabed_aeglir,0,3
Tawarwaith_gaw_in,0,1
Tawarwaith_melethril_drego,0,4
Tawarwaith_puig_morn,0,1
Tawarwaith_raegdan_nost,0,4
Tawarwaith_rovalug_mund,0,3
ablad_dam_roch,0,1
ablad_maen_aranarth,0,1
ablad_puig_manadh,0,3
ablad_vin_faen,1,1
achad_adan_balrog,0,2
achad_corch_nothrim,0,3
achad_fae_eilian,0,3
achad_gwaloth_pilin,0,0
achad_minas_adan,0,3
achad_thamas_hend,0,0
acharn_adel_baug,0,1
acharn_firion_morn,0,4
acharn_lend_Mithrim,0,0
acharn_magol_nadhras,0,2
acharn_nost_mil,0,4
acharn_per_gwaloth,1,2
acharn_uir_bregedur,0,2
achas_eilian_lossen,0,1
achas_grond_pilin,0,0
achas_hal_nana,0,3
achas_hwiniol_nothrim,0,3
achas_iar_gaur,0,1
achas_lavan_saig,0,3
achas_riel_braig,0,1
achas_rom_cair,0,2
achas_saer_hand,1,2
achas_salab_cenedril,0,1
adab_Gonhir_gwanur,0,3
adab_amdir_gli,0,4
adab_cabor_gwaun,0,3
adab_drafn_amloth,0,1
adab_faun_aith,0,0
adab_magol_cyron,0,0
adab_peredhel_hend,0,0
adab_rach_pess,0,0
adab_rochben_lathron,0,3
adab_thul_rust,1,0
adan_Druadan_annon,0,3
adan_cae_morgul,0,2
adan_fern_nothrim,0,1
adan_galad_alagos,0,1
adan_lachenn_gwanur,0,1
adan_lhug_hervess,0,3
adan_rom_alae,0,3
adar_amlug_eryn,0,2
adar_ang_eredh,0,2
adar_glass_cenedril,0,3
adar_hadhod_soga,0,1
adar_inias_hand,0,1
adar_lam_rist,0,3
adar_law_agor,0,4
adar_maethor_lasguil,0,1
adel_draug_gas,0,3
adel_glae_melethron,0,4
adel_nimp_toll,0,0
adel_pethron_imrad,1,0
adel_tirith_riel,0,1
aderthad_cair_agar,0,0
aderthad_cirdan_Eluwaith,0,4
aderthad_cuil_nimbrethil,0,2
aderthad_nimbrethil_gellui,0,2
aderthad_ulug_nadhras,0,2
aduial_anann_aphadrim,0,4
aduial_gli_hast,0,3
aduial_malad_gorn,0,3
aduial_mindon_harad,0,4
aduial_nur_luith,0,4
aear_agarwaen_cund,0,1
aear_aiglos_nadhras,0,1
aear_glamog_rodwen,0,0
aear_glass_morn,0,3
aear_lunt_nana,0,1
aear_morgul_heleg,0,4
aear_salab_cuin,0,3
aegas_Druadan_gli,0,1
aegas_ank_ungol,0,3
aegas_gaw_navaer,0,4
aegas_ryn_imlad,0,3
aegas_tobas_dunedhel,0,4
aeglir_Dornhoth_adan,0,1
aeglir_certh_bregedur,0,2
aeglir_min_graw,0,4
aerlinn_Elrim_alph,0,4
aerlinn_Eru_cenedril,0,3
aerlinn_aduial_aear,0,3
aerlinn_gwarth_thor,0,4
aerlinn_hand_gul,0,3
aerlinn_heron_luith,1,1
aerlinn_laer_aith,0,4
aerlinn_nadhras_cund,0,0
aerlinn_nagol_bellas,0,2
aerlinn_raef_nimbrethil,0,0
aerlinn_saer_nell,0,1
aerlinn_sirion_gli,0,0
aerlinn_ylf_lagor,0,4
aeruil_corch_min,1,1
aeruil_cugu_rach,0,1
aeruil_rust_harad,0,0
aeruil_tavor_ogol,0,0
aes_baug_lobor,0,3
aes_eglan_glae,0,3
aes_espalass_iphant,0,2
aes_faun_melethron,0,0
aes_hub_law,0,4
aes_lavan_adan,0,4
aes_lorn_pendrath,0,3
aes_min_uan,0,2
aes_minai_fervain,0,2
aes_perian_fae,0,2
aes_rhovan_erchion,0,2
aes_sammar_thul,0,4
agar_Tawarwaith_Sindarin,0,1
agar_badhor_agarwaen,0,2
agar_cugu_glaur,0,2
agar_graw_pethron,0,4
agar_iar_glandagol,0,2
agar_neledh_imrath,0,4
agarwaen_Elrim_muinthel,0,3
agarwaen_cund_rhosc,0,1
agarwaen_galadh_galadhrim,0,4
agarwaen_guldur_Ithil,0,4
agarwaen_hu_fervain,0,1
agarwaen_meldir_forodrim,0,4
agarwaen_tobas_andrann,0,2
aglareb_angos_sador,0,1
aglareb_araf_glamor,0,3
aglareb_gwarth_gli,0,1
aglareb_imloth_cabor,0,1
aglareb_panas_sammar,0,0
aglareb_thangail_nana,0,4
aglareb_uan_midh,0,3
agor_aes_laes,0,1
agor_annon_rudh,0,1
agor_araf_faradrim,0,2
agor_certh_heron,0,0
agor_galenas_pod,0,4
agor_gaurwaith_hervenn,0,1
agor_glass_glamog,0,0
agor_gondrath_pent,0,3
agor_grond_min,0,4
agor_luithien_harad,0,2
agor_yll_tachol,0,2
ah_Druadan_gwador,0,1
ah_achad_bain,1,2
ah_anwar_Sindarin,0,3
ah_calad_mithren,0,4
ah_eirien_mithren,0,0
ah_eredh_annon,0,3
ah_fervain_Ennor,0,4
ah_gorn_per,0,2
ah_gorn_ruith,0,3
ah_gwaun_acharn,0,1
ah_imrad_ai,0,4
ah_lam_lobor,0,4
ah_magol_thor,0,3
ah_mir_Mithrim,0,1
ah_muinthel_tobas,0,2
ah_navaer_agarwaen,0,3
ah_rom_firion,0,2
ah_ryn_gellui,0,3
ah_sador_imloth,0,4
ah_saelor_hend,0,4
ah_sammar_nost,0,2
ah_sirion_perian,0,0
ah_ungol_nath,0,3
ai_cirdan_uir,0,3
ai_hub_hwiniol,0,0
ai_limlug_ninglor,0,0
ai_lorn_Mirion,0,3
ai_peredhel_laer,1,2
ai_ylf_tamin,0,0
aiglos_Sindarin_glass,0,3
aiglos_aeglir_ryn,0,2
aiglos_bass_yll,0,4
aiglos_emel_talraph,0,1
aiglos_inias_tachol,0,0
aiglos_iphant_corf,0,0
aiglos_per_cenedril,0,3
aiglos_roch_nim,0,4
aiglos_ryn_gwael,0,4
aiglos_saig_mindon,0,2
aith_annon_fast,0,3
aith_certh_midh,0,4
aith_fae_tirith,0,1
aith_firen_corch,0,0
aith_glass_firiel,0,0
aith_gwarth_lagor,0,0
alae_Sindarin_lembas,0,2
alae_celon_faradrim,0,0
alae_dol_nimp,1,4
alae_eryn_hand,0,4
alae_guldur_ithron,0,1
alae_haeron_aphadrim,0,4
alae_hend_heron,0,2
alae_lathron_aran,0,2
alae_lost_hu,0,0
alae_saew_dannas,0,2
alag_amlug_gaurwaith,0,2
alag_haradrim_celair,1,3
alag_nimp_laer,0,1
alagos_firiel_gas,0,0
alagos_hador_melethril,0,0
alagos_honeg_bragol,0,1
alagos_nadhras_iar,0,1
alagos_rach_ris,0,0
alagos_tinnu_sammar,0,3
alph_alag_lunt,1,4
alph_celon_archam,0,1
alph_celon_gwaloth,0,2
alph_hud_Eru,0,4
alph_ist_faun,0,0
alph_nana_panas,0,1
amarth_ai_Gonhir,0,0
amarth_firiel_aglareb,0,2
amarth_heledir_gil,0,0
amarth_min_thamas,0,3
amarth_pilin_ram,0,2
amarth_riel_tinnu,0,4
amarth_saew_melethron,0,4
amath_cabor_minas,0,1
amath_celon_agarwaen,0,3
amath_gwador_helegnen,0,0
amath_haust_eilian,0,2
amath_heron_minas,0,2
amath_lobor_rhun,0,2
amath_nadhras_rhun,0,0
amath_rochben_nim,0,4
amath_ulug_Eru,0,2
amath_ylf_glamog,0,2
amdir_hul_hervenn,0,4
amdir_ithildin_laer,0,0
amdir_minuial_pod,0,0
amdir_ruith_braig,0,3
amloth_aith_inias,0,1
amloth_gaw_lalaith,0,0
amloth_glamog_gwaun,0,4
amloth_hu_magol,0,3
amloth_iphant_nur,0,2
amloth_pess_gwathui,0,0
amloth_talraph_puig,0,2
amloth_uruk_cuin,0,0
amlug_grond_rudh,0,2
amlug_ithron_Ennor,0,0
amlug_loss_ang,0,4
amlug_raegdan_heledh,0,1
amon_adel_aeglir,0,0
amon_cirion_annon,1,2
amon_corch_idhren,1,3
amon_corf_Druadan,0,3
amon_imloth_luin,1,3
anann_acharn_midh,0,2
anann_haradrim_haudh,0,2
anann_lasguil_araf,0,2
anann_nath_echad,0,0
anann_per_pess,0,3
anann_raegdan_lost,0,0
anann_rhovan_Gwathuirim,0,1
anann_rom_anwar,0,0
anann_saew_aranarth,0,2
anann_talraph_haeron,0,2
anann_uir_ang,0,1
anann_ungol_agarwaen,1,3
andrann_Gonhir_cuil,0,2
andrann_achad_tinnu,0,0
andrann_calad_gador,0,2
andrann_galas_rochben,0,0
andrann_hun_cirdan,0,2
andrann_luithien_Ennor,0,4
andrann_puig_fern,0,2
ang_cugu_harad,0,3
ang_midh_hu,0,2
ang_neledh_aith,0,1
ang_thor_gaur,0,2
ang_ungol_rochben,0,4
angos_achad_hu,0,1
angos_annon_aegas,0,0
angos_celon_lain,0,3
angos_dagnir_tamin,0,2
angos_hadhod_haudh,0,2
angos_hast_hud,0,4
angos_maecheneb_heleg,0,0
angos_pod_cabed,0,2
angos_rochir_aras,1,2
angos_rusc_curunir,0,4
angos_tamin_haust,0,4
ank_anann_cugu,1,4
ank_cirdan_ryn,0,4
ank_ennorath_cuin,0,2
ank_fast_luithien,0,3
ank_glandagol_law,0,2
ank_gwaun_haradrim,0,1
ank_heledh_rudh,0,4
ank_parf_laes,0,2
ank_raegdan_iaun,0,3
ank_rovalug_eilian,0,0
ank_sammar_rudh,0,1
annon_adab_lossen,0,3
annon_bragol_heledir,0,0
annon_callon_cyron,0,2
annon_elvellon_gorn,0,3
annon_gwend_lain,0,4
annon_lorn_baug,0,0
annon_salab_aderthad,0,4
annon_tinnu_faun,0,1
anwar_gas_gaw,0,0
anwar_gilgalad_luith,1,3
anwar_lunt_hador,0,1
anwar_mithren_hal,0,3
anwar_myril_amon,0,2
anwar_raef_fervain,0,4
anwar_randir_myril,0,4
anwar_thamas_agar,0,2
aphadrim_aduial_perian,0,4
aphadrim_braig_lin,0,2
aphadrim_gwaun_thavron,0,0
aphadrim_harad_aiglos,0,4
aphadrim_lain_minai,0,4
aphadrim_neledh_ist,0,3
aphadrim_tegilbor_helegnen,0,2
araf_agar_maecheneb,0,1
araf_cabed_raef,0,3
araf_glamog_echad,1,2
araf_gwaun_nagol,0,1
araf_hub_faun,0,4
araf_lebenedh_nost,0,2
aran_aear_muinthel,0,4
aran_dannas_malad,0,2
aran_gwachaedir_lost,0,3
aran_hand_in,0,1
aran_hast_Eru,0,3
aran_honeg_sirion,0,1
aran_lin_gwaun,0,0
aran_puig_Druadan,0,4
aran_saew_rodwen,1,1
aranarth_aear_faradrim,0,4
aranarth_faun_hand,0,4
aranarth_gellui_melethril,0,3
aranarth_gwilwileth_laer,0,3
aranarth_rhovan_lasguil,0,4
aranarth_sirion_adan,0,4
aranarth_tobas_gellui,0,1
aras_Elrim_Gwathuirim,0,3
aras_ang_aeruil,0,3
aras_gilgalad_tann,0,3
aras_lembas_bain,0,3
aras_malad_Eru,0,4
aras_minai_yll,0,0
aras_nadhras_galas,0,2
aras_riel_heleg,0,3
aras_rusc_rhovan,0,2
aras_ryn_manadh,0,0
archam_alag_rist,0,0
archam_calad_lossen,0,4
archam_elu_rochben,0,0
archam_gli_heron,0,3
archam_hu_cirion,0,4
archam_lang_alph,0,3
archam_puig_hervess,0,2
archam_rhach_imlad,0,1
archam_roch_faradrim,0,0
archam_tachol_pennas,0,2
badhor_Dornhoth_heledh,0,2
badhor_Sindarin_laer,0,3
badhor_firiel_tinnu,0,4
badhor_graw_aiglos,0,3
badhor_hervenn_minai,0,4
badhor_magol_merilin,0,3
badhor_mirdan_hwiniol,0,4
badhor_onodrim_alagos,0,2
badhor_rhach_rach,0,1
badhor_rist_maecheneb,0,2
badhor_rudh_morgul,0,0
badhor_talraph_lam,1,1
bain_caras_nath,0,2
bain_gobennas_minas,0,4
bain_gwaloth_navaer,0,2
bain_haudh_lost,0,0
bain_ylf_hun,0,2
balrog_Dornhoth_andrann,0,1
balrog_aear_Gwathuirim,0,0
balrog_fervain_pent,0,2
balrog_gil_rhosc,0,1
balrog_gond_fuin,0,2
balrog_minas_galvorn,0,3
baneth_celon_lossen,0,0
baneth_harad_heledir,0,1
baneth_nidh_cyron,0,1
baneth_pilin_tachol,0,4
baneth_tamin_gli,0,0
baneth_thurin_meldir,1,3
barad_amath_salph,0,1
barad_bregedur_ai,0,3
barad_cirion_haust,0,1
barad_glamor_riel,0,1
barad_nur_gobennas,0,1
barad_ogol_sammar,0,0
barad_peredhel_minas,0,2
bass_amarth_elvellon,0,0
bass_archam_rhosc,1,3
bass_dol_muinthel,0,4
bass_echad_gwael,0,2
bass_gwilwileth_lunt,0,0
bass_lossen_nim,0,2
bass_myril_guldur,0,2
bass_thamas_galadhrim,0,2
bass_ulug_aegas,0,4
baug_agarwaen_angos,0,3
baug_gwarth_ram,0,1
baug_randir_loss,0,2
baug_tavor_pent,0,1
bellas_Tawarwaith_nothrim,0,1
bellas_baug_menel,0,3
bellas_gul_aras,0,1
bellas_luithien_melethril,0,0
bellas_nell_amath,0,3
bellas_rochben_aith,0,0
bellas_tachol_hand,0,2
bragol_bronwe_lagor,0,3
bragol_fae_aphadrim,0,3
bragol_galenas_raug,0,0
bragol_galvorn_gwend,0,4
bragol_gwachaedir_nost,0,4
bragol_gwathui_gobennas,0,0
bragol_laes_tathar,1,3
bragol_mirdan_ira,0,1
bragol_ninglor_ank,0,0
bragol_nothrim_gas,0,0
bragol_onodrim_nimbrethil,0,3
bragol_pethron_anwar,0,1
braig_adar_laer,0,0
braig_corch_dannas,0,1
braig_dunedhel_elu,0,0
braig_fern_nim,0,0
braig_graw_bellas,0,0
braig_hu_badhor,0,2
braig_lend_randir,0,3
braig_loss_hal,1,3
braig_minai_ram,0,0
braig_randir_gwanur,0,3
bregedur_ah_aeruil,0,3
bregedur_celair_nost,0,2
bregedur_corf_romru,0,1
bregedur_minai_aerlinn,0,0
bregedur_rom_rochben,1,1
bronwe_aderthad_law,0,3
bronwe_galas_cund,0,1
bronwe_gath_tavor,0,3
bronwe_imloth_ithildin,0,3
bronwe_manadh_firiel,0,3
bronwe_riel_pilin,0,2
cabed_ang_sirion,0,2
cabed_cirion_nidh,0,2
cabed_cuil_gondrath,0,4
cabed_dol_cenedril,0,1
cabed_gellui_peredhel,0,2
cabed_hub_merilin,0,3
cabed_mereth_iphant,1,0
cabed_min_sammar,0,2
cabed_sador_aranarth,0,0
cabor_aran_melethril,0,3
cabor_duin_magor,0,0
cabor_firiel_rhosc,0,4
cabor_gaurwaith_Gwathuirim,1,2
cabor_merilin_hwiniol,0,4
cabor_minas_Gonhir,0,2
cabor_paich_galad,0,1
cabor_saelor_law,0,1
cae_Ennor_hun,0,1
cae_Ennor_ulug,0,3
cae_Mithrim_fervain,0,0
cae_cair_merilin,0,1
cae_draug_ryn,0,0
cae_gador_gli,0,2
cae_glae_gwador,0,4
cae_gwaloth_nagol,0,0
cae_thurin_cabor,0,0
cair_bronwe_hador,0,0
cair_erchion_ist,0,0
cair_gwael_lorn,0,4
cair_maethor_rhun,0,0
cair_muinthel_firiel,0,0
cair_rhosc_raug,0,0
cair_rudh_Sindarin,0,1
calad_aranarth_pent,0,0
calad_dol_rhach,0,3
calad_laug_erchion,0,2
calad_lobor_meril,0,4
calad_lost_faun,0,3
calad_malad_faen,0,1
calad_morgul_nana,0,1
calad_nana_anann,0,4
calad_suil_badhor,0,0
callon_agar_gwilwileth,0,0
callon_aiglos_faun,0,2
callon_alph_nagol,0,3
callon_cuil_Druadan,0,1
callon_daen_harad,0,0
callon_ennorath_andrann,0,4
callon_firen_haudh,0,0
callon_nagol_elvellon,0,1
callon_perian_ulug,0,4
callon_pess_hand,0,0
callon_raef_espalass,0,0
callon_thangail_aerlinn,0,0
callon_tobas_meldir,0,4
caras_aderthad_glass,0,3
caras_aduial_laes,0,0
caras_amlug_neledh,0,4
caras_corf_faradrim,0,2
caras_hwiniol_barad,0,4
caras_mund_tavor,0,3
caras_saelor_galas,0,1
caras_uanui_merilin,0,3
celair_aerlinn_aes,0,0
celair_amon_hervess,0,2
celair_ang_uan,1,3
celair_ank_alph,0,4
celair_daen_saew,0,0
celair_ennorath_aphadrim,0,4
celair_gwael_in,0,4
celair_hud_paich,0,4
celair_lossen_salab,0,2
celair_mir_fae,0,1
celair_nath_gwachaedir,0,0
celair_salab_iar,0,3
celair_yll_myril,0,1
celeb_Ennor_hal,0,2
celeb_Ithil_cuin,0,2
celeb_adar_aras,0,3
celeb_heleg_archam,0,2
celeb_imlad_paich,0,3
celeb_malad_alag,0,0
celeb_tegilbor_min,0,2
celon_agor_elu,0,0
celon_baneth_haudh,0,1
celon_ist_agor,0,0
cenedril_Eluwaith_cae,0,2
cenedril_anann_aegas,0,3
cenedril_espalass_ang,0,1
cenedril_gas_eglan,0,2
cenedril_inias_myril,0,0
cenedril_ram_rudh,0,3
cenedril_thavron_salph,0,1
certh_adel_imlad,0,0
certh_bain_glamor,0,3
certh_curunir_luith,0,0
certh_galas_aphadrim,0,1
certh_hervenn_sammar,0,2
certh_lachenn_dunedhel,0,1
cirdan_adel_dunadan,0,4
cirdan_aerlinn_Eru,0,0
cirdan_araf_maecheneb,0,4
cirdan_edlothiad_rhovan,0,2
cirdan_galas_hand,0,0
cirdan_glamog_glae,0,3
cirdan_luith_maethor,0,4
cirdan_rochir_mil,0,1
cirdan_tang_nidh,0,1
cirdan_ulug_tathar,0,3
cirion_cabor_thurin,0,3
cirion_cair_echad,0,1
cirion_dagnir_ruith,0,4
cirion_gaur_gaw,0,2
cirion_gond_amon,0,3
cirion_ira_Ithil,0,0
cirion_myril_toll,0,3
cirion_randir_mil,0,1
cirion_rhun_gas,0,4
cirion_roch_tirith,0,4
cirion_ungol_ira,1,0
corch_Eru_laes,0,3
corch_Mirion_araf,0,4
corch_cabor_sirion,0,4
corch_ennorath_dagnir,0,2
corch_faun_min,0,4
corch_forodrim_ira,0,3
corch_hadhod_hul,0,2
corch_iphant_saelor,0,1
corch_mithril_cabed,0,2
corch_nagol_glaur,0,1
corch_rach_balrog,0,2
corch_roch_gellui,0,4
corch_ruith_eredh,0,1
corf_Mirion_toll,0,3
corf_acharn_vin,0,0
corf_annon_talraph,0,1
corf_archam_haudh,0,4
corf_hub_harad,0,4
corf_law_lang,0,0
corf_suil_uruk,0,2
cugu_gil_laes,0,2
cugu_gobennas_Tawarwaith,0,0
cugu_gobennas_lebenedh,0,2
cugu_lembas_celon,0,1
cugu_luin_ai,0,0
cugu_mund_celeb,0,1
cugu_nothrim_heleg,0,3
cugu_rach_fast,0,4
cugu_ruith_toll,0,4
cugu_soga_mirdan,0,2
cuil_cae_dunedhel,0,3
cuil_gul_dunadan,0,4
cuil_gwanur_panas,0,3
cuil_harad_nath,0,0
cuil_helegnen_laug,0,4
cuil_magor_andrann,0,1
cuil_magor_faen,0,4
cuil_noroth_tachol,1,0
cuil_pent_yll,0,2
cuin_aear_nestad,0,0
cuin_alae_nana,0,3
cuin_corch_nothrim,0,0
cuin_gondrath_aith,0,1
cuin_haudh_cenedril,0,1
cuin_law_amon,0,0
cuin_pess_uir,0,3
cund_Mirion_dunedhel,0,0
cund_andrann_aerlinn,0,4
cund_elvellon_mithren,0,2
cund_faen_nagol,0,4
cund_gath_loss,0,4
cund_lathron_galenas,0,4
cund_mereth_tachol,0,2
curunir_cund_Ennor,0,1
curunir_galas_Mirion,0,3
curunir_melethril_galadh,0,0
cyron_Tawarwaith_angos,0,0
cyron_amlug_lebenedh,0,0
cyron_cair_vin,0,4
cyron_fern_tamin,0,1
cyron_gwaun_lain,0,3
cyron_lalaith_fern,0,3
cyron_mithren_gilgalad,0,4
cyron_mithril_barad,0,1
daen_balrog_min,0,1
daen_cair_gondrath,0,4
daen_glaur_ram,0,0
daen_gwaloth_galas,0,1
daen_lalaith_cabor,0,1
daen_loss_Druadan,1,1
daen_rochir_galvorn,0,4
daen_saelor_gil,0,3
daen_tavor_cabor,0,2
dagnir_Dornhoth_onodrim,0,1
dagnir_achad_lebed,0,0
dagnir_archam_raegdan,0,3
dagnir_calad_lost,0,0
dagnir_gador_amath,0,3
dam_barad_fervain,0,4
dam_corch_agar,0,4
dam_faradrim_elu,0,3
dam_hun_braig,0,1
dam_lossen_ira,0,1
dam_melethril_limlug,0,4
dam_pent_fern,0,3
dam_tamin_graw,0,1
dam_ungol_nestad,0,0
dannas_Rochirrim_magor,0,1
dannas_aiglos_drafn,0,1
dannas_amath_alagos,0,2
dannas_glandagol_maethor,1,4
dannas_gul_bronwe,0,4
dannas_ira_amath,0,2
dannas_ira_suil,0,3
dannas_uanui_Ennor,0,3
dirnaith_achas_noroth,0,0
dirnaith_aphadrim_adab,1,3
dirnaith_fang_uan,0,0
dirnaith_gwathui_hud,0,2
dirnaith_heledh_minas,0,3
dirnaith_maecheneb_pilin,0,2
dirnaith_mithren_aeglir,0,2
dirnaith_muinthel_Elrim,0,2
dol_adan_dunadan,0,1
dol_aith_naer,0,1
dol_badhor_gwael,0,2
dol_bronwe_mindon,0,0
dol_glae_forodrim,0,3
dol_heleg_fast,0,1
dol_mirdan_adan,0,0
drafn_achas_rochben,0,2
drafn_araf_ryn,1,4
drafn_balrog_aranarth,0,1
drafn_fae_hun,0,1
drafn_grond_nothrim,0,4
drafn_haradrim_nimbrethil,0,4
drafn_mund_lathron,0,1
drafn_mund_mithren,0,0
draug_aerlinn_gwend,0,3
draug_ah_hul,0,0
draug_andrann_rhovan,0,4
draug_drafn_gwend,0,2
draug_gwaloth_baug,0,3
draug_mindon_galadh,0,2
draug_rhun_uir,0,0
draug_roch_mithren,0,0
drego_Gonhir_gwaloth,0,0
drego_agor_rust,0,0
drego_amlug_galadhrim,0,4
drego_gador_haudh,0,2
drego_hervess_erchion,0,0
drego_lachenn_minas,0,2
drego_laes_amlug,0,3
drego_luin_tinnu,0,1
drego_rhosc_ithildin,0,1
drego_thurin_gaur,0,3
duin_aegas_gwael,0,4
duin_cabed_Eru,0,1
duin_espalass_annon,0,4
duin_firiel_saig,0,3
duin_forodrim_lin,0,3
duin_honeg_nost,0,1
duin_rhovan_ryn,0,1
dunadan_Dornhoth_adar,0,3
dunadan_aeruil_agar,0,2
dunadan_baneth_magol,0,1
dunadan_helegnen_laes,0,0
dunadan_naer_faradrim,0,0
dunadan_tirith_thor,0,4
dunedhel_elvellon_daen,0,4
dunedhel_haust_nothrim,0,4
dunedhel_imloth_nimp,0,3
dunedhel_min_hub,0,3
dunedhel_panas_cenedril,0,1
dunedhel_raug_adel,0,1
dunedhel_saer_lorn,1,1
echad_alph_lagor,0,2
echad_roch_pethron,0,1
edlothiad_Ennor_graw,0,4
edlothiad_celeb_menel,0,4
edlothiad_corch_cugu,0,1
edlothiad_dunedhel_hast,0,2
edlothiad_eglan_lang,0,3
edlothiad_hadhod_uir,0,0
edlothiad_melethril_braig,0,2
edlothiad_sammar_ist,0,0
eglan_adar_celeb,0,3
eglan_badhor_galas,0,4
eglan_baneth_haudh,0,1
eglan_baneth_lacha,0,3
eglan_dam_saelor,0,0
eglan_glamog_lam,0,1
eglan_imrad_hervenn,0,1
eglan_lebdas_haradrim,0,4
eglan_raug_salph,0,2
eglan_sador_galadhrim,0,1
eilian_daen_lebed,0,1
eilian_hud_lossen,0,1
eilian_perian_glamor,1,2
eilian_pilin_fang,0,0
eilian_pod_firiel,0,0
eilian_suil_raef,0,4
eilian_tathar_hend,0,2
eirien_Druadan_ingem,1,0
eirien_cenedril_nur,0,2
eirien_faen_tobas,0,0
eirien_hub_bass,0,0
eirien_lunt_rist,0,4
eirien_minuial_nim,0,3
eirien_riel_aegas,0,4
eirien_saer_tegilbor,0,0
eirien_thul_gwaun,0,4
eirien_uan_Mirion,0,4
eirien_uir_pent,0,3
eirien_uruk_cirdan,0,2
elu_agarwaen_gwachaedir,0,3
elu_bronwe_lavan,0,3
elu_certh_lam,0,4
elu_edlothiad_minai,0,3
elu_guldur_baneth,0,1
elu_muinthel_navaer,0,3
elu_narthan_lang,0,0
elu_neledh_aras,0,1
elu_riel_aear,0,1
elu_rusc_nath,1,3
elu_talraph_amon,0,1
elu_thamas_gil,0,0
elvellon_archam_lorn,0,3
elvellon_faen_gwarth,0,0
elvellon_fast_annon,0,0
elvellon_gador_fern,0,4
elvellon_glass_gwarth,0,2
emel_Sindarin_vin,0,0
emel_annon_aith,0,4
emel_archam_rusc,0,4
emel_cenedril_rudh,0,0
emel_galad_magor,0,2
emel_gobennas_lang,0,2
emel_iphant_haust,0,2
emel_mindon_sador,0,3
emel_mund_aderthad,0,1
ennorath_balrog_gaur,0,2
ennorath_calad_minas,0,1
ennorath_curunir_eryn,0,4
ennorath_drafn_emel,0,3
ennorath_eirien_balrog,0,0
ennorath_eirien_tavor,0,1
ennorath_espalass_Druadan,0,0
ennorath_graw_hand,0,3
ennorath_guldur_aear,0,1
ennorath_haust_Gwathuirim,0,1
ennorath_lalaith_bragol,0,0
ennorath_rusc_mindon,0,2
ennorath_tavor_mithril,0,2
erchion_alagos_thurin,0,3
erchion_angos_dam,0,3
erchion_hal_hadhod,0,4
erchion_lend_lain,0,1
erchion_lobor_hwiniol,1,4
erchion_magor_rach,0,1
erchion_ungol_aduial,0,3
eredh_callon_saig,0,1
eredh_galenas_rhosc,0,1
eredh_galvorn_agor,0,0
eredh_glamor_alag,0,0
eredh_hadhod_lass,0,1
eredh_hul_rovalug,0,1
eredh_narthan_eryn,0,3
eredh_nothrim_hador,0,4
eredh_saig_dunedhel,0,3
eryn_archam_fern,0,1
eryn_badhor_nim,0,0
eryn_lhug_lin,0,4
eryn_pent_tegilbor,0,3
eryn_ris_laug,0,3
eryn_roch_tann,0,1
eryn_saig_cirdan,0,0
espalass_Eru_lalaith,0,1
espalass_dagnir_Mithrim,0,4
espalass_faun_drafn,0,1
espalass_fuin_mereth,0,4
espalass_hervenn_alae,0,0
espalass_melethron_ungol,0,0
espalass_nestad_hul,0,0
espalass_rudh_forodrim,0,1
espalass_ryn_ist,0,2
fae_forodrim_luin,0,0
fae_haeron_merilin,0,0
fae_lagor_gond,0,0
fae_malad_gwend,0,3
fae_meldir_cuin,0,2
fae_myril_cugu,0,2
fae_rust_laes,0,3
fae_thurin_midh,0,2
faen_andrann_certh,0,2
faen_fae_rhovan,0,3
faen_galadh_celon,0,0
faen_hast_amath,0,2
faen_lass_harad,0,1
faen_pennas_melethril,0,3
faen_thamas_certh,0,2
fang_aear_adan,0,4
fang_aegas_fervain,0,3
fang_angos_rusc,0,4
fang_gwilwileth_uan,0,0
fang_haradrim_rhach,0,4
fang_iar_pess,0,2
fang_ira_nell,0,3
fang_lain_acharn,0,1
fang_nothrim_heledir,0,3
fang_saelor_gellui,1,0
fang_thamas_eirien,1,3
faradrim_Mithrim_Druadan,0,3
faradrim_annon_tinnu,0,0
faradrim_ennorath_haradrim,0,2
faradrim_pennas_hun,0,4
faradrim_rust_vin,0,3
faradrim_tachol_drafn,0,3
faradrim_thavron_firen,0,3
faradrim_yll_honeg,0,3
fast_aes_lost,0,0
fast_alae_lachenn,0,4
fast_ang_lebenedh,0,1
fast_celeb_bregedur,0,2
fast_cenedril_pod,0,1
fast_graw_rusc,0,1
fast_lobor_lacha,0,4
faun_adab_rust,0,0
faun_aerlinn_maen,0,2
faun_agar_dam,0,3
faun_dunedhel_puig,0,2
faun_faradrim_cae,0,3
faun_gellui_saelor,0,2
faun_heledh_onodrim,0,3
faun_sammar_ist,0,2
faun_thul_malad,0,2
fern_aerlinn_rhovan,0,3
fern_amdir_ingem,0,4
fern_certh_pennas,0,4
fern_firen_curunir,0,2
fern_lagor_guldur,0,3
fern_lass_eglan,0,2
fervain_badhor_neledh,0,2
fervain_idhren_Mirion,0,1
fervain_rochben_Rochirrim,0,3
fervain_tamin_firion,0,2
firen_agor_rusc,0,0
firen_corch_laer,0,4
firen_drego_ablad,0,2
firen_lachenn_lend,0,4
firen_law_cuin,0,1
firen_ogol_graw,0,1
firiel_corf_annon,0,4
firiel_eirien_heledh,0,3
firiel_lend_mithril,0,0
firiel_maen_sirion,0,1
firiel_meril_gas,0,1
firiel_tinuviel_ennorath,0,2
firion_certh_fang,0,0
firion_erchion_glae,0,4
firion_gaw_fervain,0,4
firion_heron_rusc,0,4
firion_lorn_certh,0,1
firion_loss_romru,0,1
firion_meldir_hun,0,0
forodrim_Mirion_balrog,0,0
forodrim_amarth_cabed,0,3
forodrim_cyron_lebdas,0,2
forodrim_dunedhel_galadhrim,0,1
forodrim_lachenn_rhach,0,1
forodrim_lossen_lasguil,0,1
forodrim_lossen_ruith,0,2
forodrim_lost_riel,0,0
forodrim_mindon_hadhod,0,3
forodrim_myril_pilin,0,4
forodrim_navaer_rhach,0,4
forodrim_thavron_imrad,0,1
fuin_ang_panas,0,3
fuin_bragol_talraph,0,2
fuin_galenas_sogannen,0,2
fuin_hal_hand,0,2
fuin_helegnen_rochir,0,4
fuin_lathron_alph,0,1
fuin_lebenedh_nath,0,0
fuin_minas_cair,0,4
fuin_nadhras_hud,0,0
fuin_naer_elu,0,0
fuin_ryn_amdir,1,1
fuin_sogannen_alagos,0,1
fuin_uir_espalass,0,2
gador_Tawarwaith_rhovan,0,2
gador_firen_fang,0,1
gador_galad_myril,0,1
gador_lost_mil,0,1
gador_maethor_iphant,0,4
gador_uan_puig,0,2
galad_emel_iar,0,1
galad_gwarth_ulug,0,2
galad_haust_luithien,0,0
galad_lebenedh_uir,0,0
galad_malad_gwend,0,1
galad_morn_rhovan,0,1
galad_nothrim_balrog,0,4
galad_raegdan_hand,0,1
galad_sammar_amloth,0,2
galad_thangail_pethron,0,0
galadh_cuin_sirion,0,1
galadh_drafn_achad,0,0
galadh_gaw_imloth,0,3
galadh_gorn_rusc,0,2
galadh_ingem_maethor,0,0
galadh_mirdan_cuil,0,2
galadhrim_Eluwaith_gond,0,1
galadhrim_aderthad_balrog,0,1
galadhrim_bellas_amarth,0,3
galadhrim_galadh_salph,0,0
galadhrim_gellui_lass,0,1
galadhrim_hend_gwael,0,3
galadhrim_inias_Dornhoth,0,4
galadhrim_minas_aras,0,4
galadhrim_nadhras_aras,0,3
galadhrim_noroth_duin,0,2
galadhrim_rist_tinuviel,0,0
galadhrim_roch_eglan,0,4
galadhrim_soga_anwar,0,4
galadhrim_talraph_firiel,0,3
galadhrim_uruk_gwend,0,0
galas_gul_ryn,0,1
galas_hu_corch,0,2
galas_pent_haudh,0,1
galas_sogannen_ank,0,4
galas_tinuviel_nadhras,0,3
galenas_ablad_bregedur,0,0
galenas_gaw_tobas,0,0
galenas_gwador_rust,0,4
galenas_saer_rhosc,0,2
galvorn_firion_imloth,0,0
galvorn_gador_braig,0,1
galvorn_ogol_aras,0,1
galvorn_suil_fang,1,1
galvorn_uanui_merilin,0,2
gas_Eru_hud,0,0
gas_cair_gondrath,0,1
gas_glaur_daen,0,1
gas_grond_manadh,0,2
gas_magol_idhren,0,0
gas_tamin_ablad,0,0
gas_tavor_Sindarin,0,4
gath_Eru_neledh,0,4
gath_celeb_uanui,0,4
gath_eglan_baneth,0,2
gath_laes_gaur,0,3
gath_meldir_saer,0,1
gath_rodwen_suil,0,2
gath_talraph_iaun,1,2
gaur_ang_rhovan,0,3
gaur_barad_faradrim,0,3
gaur_callon_guldur,0,1
gaur_galas_rach,0,2
gaur_gaurwaith_elu,0,0
gaur_glae_raug,0,2
gaur_lorn_hend,0,0
gaur_lossen_lend,0,4
gaur_nimp_gwend,0,0
gaur_tinnu_uruk,0,1
gaurwaith_Ithil_rhach,0,0
gaurwaith_achad_rochben,0,2
gaurwaith_angos_lebdas,0,4
gaurwaith_gil_malad,0,1
gaurwaith_ira_fast,0,3
gaurwaith_paich_ryn,0,3
gaurwaith_suil_fang,0,4
gaurwaith_tamin_ungol,1,2
gaw_aphadrim_melethron,0,2
gaw_draug_laes,0,0
gaw_hador_peredhel,0,2
gaw_lebed_grond,0,1
gellui_Elrim_Dornhoth,0,4
gellui_aderthad_midh,0,0
gellui_aes_nur,0,4
gellui_ank_uir,0,1
gellui_harad_callon,0,2
gellui_law_lalaith,0,2
gellui_maecheneb_raef,0,2
gellui_rist_muil,0,2
gil_amdir_corf,0,3
gil_gath_morn,0,3
gil_lebed_gli,0,0
gil_lembas_thor,0,2
gil_mithren_luithien,0,3
gil_neledh_ris,0,0
gil_saew_neledh,0,2
gilgalad_archam_hun,0,3
gilgalad_braig_maen,0,0
gilgalad_eglan_maecheneb,0,4
gilgalad_nidh_mir,0,0
gilgalad_nothrim_alph,0,4
gilgalad_rom_gwathui,0,2
glae_aear_minai,0,3
glae_anwar_adab,0,2
glae_faradrim_merilin,0,4
glae_faradrim_nost,0,4
glae_gul_sirion,0,2
glae_ira_glamog,0,4
glae_pennas_ninglor,0,4
glae_saelor_Elrim,0,0
glamog_ang_maecheneb,0,4
glamog_ennorath_mil,0,2
glamog_minai_paich,0,2
glamog_pod_ai,0,4
glamog_salph_hador,0,3
glamor_celon_gondrath,0,4
glamor_cirion_adar,0,3
glamor_erchion_faen,0,4
glamor_gellui_mithren,0,2
glamor_gwend_baug,0,2
glamor_haradrim_anann,0,4
glamor_hul_firiel,1,1
glamor_iar_amloth,1,4
glamor_idhren_lasguil,0,3
glamor_minuial_adel,0,4
glamor_peredhel_cenedril,0,1
glamor_riel_hun,0,3
glandagol_Sindarin_magor,0,1
glandagol_aduial_aderthad,0,2
glandagol_baneth_thor,0,0
glandagol_celeb_maecheneb,0,2
glandagol_dunadan_min,0,4
glandagol_gwael_gaur,0,4
glandagol_morgul_hend,0,3
glandagol_puig_curunir,0,4
glandagol_riel_drego,0,3
glass_cirion_agar,1,4
glass_galad_faen,0,3
glass_maecheneb_rust,0,3
glass_menel_rudh,0,2
glass_nidh_cenedril,0,3
glass_roch_Druadan,0,0
glass_rom_puig,0,1
glaur_Rochirrim_aeglir,0,0
glaur_aith_salph,0,3
glaur_cabed_tavor,0,2
glaur_daen_magor,0,3
glaur_gaurwaith_nur,0,2
glaur_heledh_galas,0,0
glaur_narthan_hervenn,0,0
glaur_ogol_cugu,0,4
glaur_raug_rom,0,1
gli_aderthad_hub,0,1
gli_bain_sirion,0,0
gli_caras_aeruil,0,4
gli_cirdan_lobor,0,4
gli_haust_lhug,0,4
gli_lembas_galadhrim,0,4
gli_naer_bronwe,0,2
gli_nothrim_limlug,0,0
gli_panas_in,0,3
gobennas_alae_lhug,0,3
gobennas_gondrath_imloth,0,1
gobennas_gondrath_puig,0,2
gobennas_hul_lhug,0,2
gobennas_ingem_lain,0,3
gobennas_lathron_draug,0,0
gobennas_meril_nell,0,4
gobennas_minai_haust,0,0
gobennas_nath_rochben,1,3
gond_Mirion_lain,0,0
gond_aduial_suil,0,0
gond_alagos_andrann,0,1
gond_pent_Dornhoth,0,4
gond_tobas_cund,0,4
gondrath_aear_puig,0,4
gondrath_haudh_mund,0,2
gondrath_luithien_cugu,1,3
gondrath_rhun_eirien,0,4
gondrath_saer_rach,0,0
gorn_aderthad_cabor,0,4
gorn_lebenedh_bregedur,0,4
gorn_meril_aderthad,0,1
gorn_narthan_agar,0,4
gorn_tathar_nadhras,0,0
graw_aear_iphant,0,2
graw_anann_uir,0,3
graw_bronwe_uan,0,4
graw_fast_gaw,0,4
graw_glae_aran,0,1
graw_heledir_lunt,0,2
graw_idhren_narthan,0,4
graw_randir_gaurwaith,0,0
graw_romru_navaer,0,3
graw_thangail_nana,0,1
grond_acharn_elvellon,0,3
grond_aran_melethril,0,2
grond_bass_andrann,0,4
grond_bellas_paich,0,3
grond_cabor_achad,0,4
grond_celon_lunt,0,1
grond_lagor_yll,0,3
grond_ogol_pennas,0,1
grond_rhosc_gwarth,0,0
grond_rhun_ennorath,0,3
grond_saelor_pess,0,4
grond_soga_ai,0,3
gul_agar_gwaloth,0,2
gul_ai_lalaith,0,1
gul_braig_baug,0,1
gul_celon_gond,0,1
gul_eirien_anwar,0,0
gul_fast_alae,0,0
gul_glamog_gaur,1,1
gul_gwathui_hun,0,0
gul_mithril_ungol,0,4
guldur_alag_sogannen,0,3
guldur_anwar_aderthad,0,3
guldur_hervenn_gil,0,2
guldur_imlad_gaw,0,4
guldur_imrath_rhovan,0,4
guldur_lebenedh_perian,0,2
guldur_lossen_tinuviel,0,3
guldur_nath_toll,0,1
gwachaedir_aegas_bregedur,0,1
gwachaedir_agar_hud,0,3
gwachaedir_bronwe_pess,0,2
gwachaedir_minuial_aiglos,0,0
gwador_Sindarin_faun,0,4
gwador_bass_tegilbor,0,3
gwador_erchion_thamas,0,4
gwador_haradrim_tegilbor,0,3
gwador_pent_faun,0,4
gwador_rist_hud,0,2
gwador_saew_aphadrim,0,0
gwador_thurin_hal,0,0
gwador_uan_lam,0,2
gwael_Mirion_hend,0,0
gwael_cae_heledir,0,4
gwael_heleg_nur,0,2
gwael_saer_lebenedh,0,4
gwael_salab_mithren,0,4
gwaloth_aith_ulug,0,1
gwaloth_amloth_fast,0,1
gwaloth_corch_Druadan,0,2
gwaloth_espalass_angos,0,4
gwaloth_fuin_pendrath,1,3
gwaloth_luith_cund,0,2
gwaloth_luith_parf,0,0
gwaloth_melethron_dunadan,0,1
gwaloth_morn_iar,0,3
gwanur_Gwathuirim_Rochirrim,0,3
gwanur_adar_anwar,0,1
gwanur_rudh_ang,0,0
gwanur_thul_firion,0,1
gwarth_bellas_glamor,1,1
gwarth_dagnir_imrad,0,4
gwarth_gwanur_adar,0,3
gwarth_heleg_thul,0,3
gwarth_lebdas_cyron,0,0
gwarth_lebed_pent,0,0
gwarth_lin_lasguil,0,1
gwarth_lorn_lost,0,4
gwarth_mir_ris,0,0
gwarth_onodrim_anann,0,2
gwarth_rach_magor,0,2
gwathui_adan_barad,0,2
gwathui_gond_luith,0,3
gwathui_guldur_lasguil,0,4
gwathui_gwael_heron,0,0
gwathui_heron_minai,0,1
gwathui_navaer_glaur,1,0
gwaun_gwael_glandagol,0,4
gwaun_limlug_amon,0,2
gwaun_loss_heleg,0,3
gwaun_manadh_hand,0,1
gwaun_melethril_amdir,0,2
gwaun_naer_tamin,0,1
gwaun_ruith_amarth,0,0
gwaun_ungol_dunedhel,0,3
gwend_aranarth_soga,0,4
gwend_cirion_gil,0,1
gwend_dol_inias,0,3
gwend_dunedhel_daen,0,2
gwend_faun_hand,0,2
gwend_fuin_ris,0,3
gwend_grond_Mithrim,0,0
gwend_hador_bain,0,3
gwend_harad_lalaith,0,1
gwend_melethron_cuin,0,3
gwend_nim_draug,0,3
gwilwileth_adel_amloth,0,0
gwilwileth_aegas_ah,0,0
gwilwileth_ah_graw,0,3
gwilwileth_cair_tavor,0,1
gwilwileth_dirnaith_lagor,0,0
gwilwileth_galad_lebdas,0,2
gwilwileth_gobennas_ris,0,0
gwilwileth_hal_Sindarin,0,1
gwilwileth_hwiniol_adar,0,4
gwilwileth_midh_minuial,0,4
gwilwileth_mirdan_minai,0,0
gwilwileth_muinthel_iphant,0,3
gwilwileth_pennas_hend,0,3
gwilwileth_ungol_aegas,0,3
hadhod_annon_agarwaen,0,0
hadhod_aran_gaw,0,4
hadhod_celon_hub,0,0
hadhod_corch_fae,0,3
hadhod_dagnir_cund,0,3
hadhod_gwathui_nath,0,1
hadhod_law_perian,0,0
hadhod_navaer_saew,0,3
hadhod_ram_calad,0,4
hador_aras_badhor,0,2
hador_gwaun_saig,0,2
hador_hand_calad,0,0
hador_soga_ah,0,2
hador_tinuviel_celair,0,0
haeron_angos_cugu,0,1
haeron_araf_eryn,0,0
haeron_naer_cirion,0,0
haeron_ogol_haudh,0,2
haeron_pendrath_gwaloth,0,1
haeron_rochben_pethron,0,4
haeron_thul_nothrim,0,1
haeron_vin_amarth,0,0
hal_alae_suil,0,0
hal_andrann_perian,0,0
hal_aranarth_rhun,0,4
hal_certh_pilin,0,1
hal_galvorn_loss,0,0
hal_glamog_uruk,0,0
hal_myril_bass,0,0
hal_nestad_ingem,0,4
hal_pethron_dunedhel,0,3
hand_cund_hul,1,0
hand_echad_tegilbor,0,3
hand_galad_aeruil,0,4
hand_galadhrim_aith,0,0
hand_gwathui_alae,0,4
hand_parf_gwathui,0,2
hand_perian_navaer,0,2
hand_raef_gellui,0,3
harad_amath_cenedril,0,1
harad_archam_cae,0,1
harad_firiel_ungol,0,4
harad_galadh_Gonhir,0,4
harad_mil_amlug,0,0
harad_neledh_ennorath,0,1
harad_nost_firen,0,3
harad_puig_merilin,0,4
harad_rhosc_malad,0,0
harad_rochben_forodrim,0,2
harad_tinuviel_gaw,0,1
harad_tirith_mithren,1,0
haradrim_ablad_luith,0,1
haradrim_dol_lasguil,0,3
haradrim_fae_maecheneb,0,1
haradrim_helegnen_iaun,0,4
haradrim_ithildin_mereth,0,4
haradrim_laer_cenedril,0,3
haradrim_pess_gwarth,0,3
hast_aduial_laug,0,0
hast_eryn_ah,0,4
hast_heledh_thul,0,3
hast_naer_bass,0,1
hast_nath_aiglos,0,0
haudh_cabor_lass,0,2
haudh_caras_gaurwaith,0,1
haudh_gaw_Dornhoth,0,4
haudh_imloth_alph,0,4
haudh_ingem_nim,0,0
haudh_laug_nadhras,0,2
haudh_melethron_amloth,0,0
haudh_pod_maecheneb,0,3
haudh_tegilbor_agarwaen,0,1
haudh_thor_pendrath,0,4
haust_amon_Tawarwaith,0,3
haust_anwar_heron,0,4
haust_faen_ruith,0,1
haust_fuin_paich,0,2
haust_galenas_ithron,0,3
haust_vin_uan,0,2
heledh_aeruil_hadhod,0,2
heledh_aes_luith,0,1
heledh_ank_fern,0,2
heledh_cugu_aeruil,0,3
heledh_fang_nagol,0,2
heledh_paich_elu,0,0
heledh_rochben_drego,0,0
heledh_tamin_gilgalad,0,0
heledh_tinnu_thamas,0,1
heledir_bregedur_law,0,3
heledir_corch_pennas,0,4
heledir_gil_gilgalad,0,0
heledir_gilgalad_magor,0,0
heledir_gorn_pethron,0,1
heledir_idhren_melethril,1,1
heledir_ist_anann,0,4
heledir_lebed_gwend,0,2
heledir_nestad_corch,0,3
heledir_rust_archam,0,4
heledir_ulug_tinuviel,0,2
heleg_agar_melethron,0,2
heleg_amarth_soga,1,2
heleg_amon_lebenedh,0,1
heleg_curunir_ablad,0,0
heleg_galad_fae,0,4
heleg_nagol_raegdan,0,0
heleg_nur_limlug,0,3
heleg_raegdan_dagnir,0,0
heleg_rhovan_iar,0,3
heleg_rom_Sindarin,0,0
heleg_sogannen_morgul,0,0
helegnen_cae_pendrath,0,2
helegnen_faradrim_cae,1,3
helegnen_glamog_myril,0,1
helegnen_iaun_hu,0,3
helegnen_idhren_hul,0,1
helegnen_lachenn_aes,0,3
helegnen_luith_raug,0,4
helegnen_nath_inias,0,2
helegnen_rovalug_anwar,0,0
helegnen_tachol_corf,0,4
helegnen_tathar_hend,0,4
hend_graw_talraph,0,3
hend_lost_barad,0,4
hend_morn_thurin,0,2
hend_muil_dannas,0,0
heron_amloth_draug,0,2
heron_bain_glae,0,0
heron_barad_gwilwileth,0,2
heron_celon_iphant,0,4
heron_gondrath_nimp,0,0
heron_ninglor_saig,0,3
heron_soga_cabed,0,2
hervenn_Gonhir_eryn,0,1
hervenn_alae_braig,0,1
hervenn_firion_sirion,0,3
hervenn_meril_lathron,0,0
hervenn_rhosc_honeg,0,3
hervenn_tang_callon,0,2
hervess_amdir_bregedur,0,0
hervess_bellas_aiglos,0,1
hervess_calad_firiel,0,2
hervess_gaw_glandagol,0,3
hervess_hend_lam,1,4
hervess_lachenn_uir,0,2
hervess_roch_espalass,0,3
hervess_ruith_braig,0,4
hervess_uir_eryn,0,3
honeg_fern_saig,0,3
honeg_hud_bronwe,0,3
honeg_laer_uanui,0,3
honeg_merilin_midh,0,0
honeg_naer_gorn,0,0
honeg_raug_morn,0,1
honeg_romru_soga,0,0
hu_amon_certh,0,0
hu_eglan_magol,0,2
hu_lembas_corch,0,1
hu_nost_gwael,0,2
hu_toll_aduial,0,3
hub_eilian_loss,0,4
hub_glandagol_rudh,0,2
hub_grond_barad,1,3
hub_nur_rhovan,0,4
hub_rusc_braig,0,2
hub_saew_nestad,0,3
hud_bellas_thangail,0,2
hud_bregedur_rist,1,3
hud_dannas_cuin,0,1
hud_eryn_ylf,1,1
hud_fast_hend,0,0
hud_hub_lavan,0,3
hud_sogannen_riel,0,3
hud_uanui_ira,0,1
hul_Ennor_nimbrethil,0,2
hul_bass_alagos,0,3
hul_dagnir_ablad,0,1
hul_faen_min,0,3
hul_firion_callon,1,0
hul_idhren_iar,0,1
hul_mil_andrann,0,2
hul_rochben_lembas,0,3
hul_uanui_thamas,0,3
hun_aegas_tinnu,0,3
hun_bragol_draug,0,3
hun_cuin_maen,0,4
hun_hador_pod,0,1
hun_hervess_randir,0,2
hun_maen_hervess,1,0
hun_pilin_mindon,1,0
hwiniol_Rochirrim_uruk,0,0
hwiniol_adar_faen,0,3
hwiniol_andrann_faen,0,2
hwiniol_cirion_angos,0,4
hwiniol_emel_dagnir,0,3
hwiniol_gwaun_callon,0,1
hwiniol_ist_baug,0,4
hwiniol_meril_minas,0,4
hwiniol_randir_nell,1,1
iar_aranarth_hwiniol,0,4
iar_cair_fuin,0,1
iar_gul_gobennas,0,3
iar_lam_certh,0,0
iar_narthan_midh,0,4
iaun_bregedur_cuin,0,1
iaun_curunir_aegas,0,3
iaun_gil_cuin,0,0
iaun_lacha_corch,0,0
iaun_muil_bass,0,1
iaun_naer_cenedril,0,4
iaun_pendrath_nimp,0,2
idhren_Elrim_hun,0,4
idhren_Ithil_nothrim,0,1
idhren_aear_min,0,2
idhren_cyron_espalass,0,3
idhren_eredh_hast,0,2
idhren_honeg_rhosc,0,0
idhren_laug_aras,0,1
idhren_mund_haradrim,0,0
idhren_paich_merilin,0,2
imlad_Ithil_Elrim,0,3
imlad_daen_iphant,0,3
imlad_espalass_melethril,0,0
imlad_heron_lang,0,2
imlad_laer_magor,0,3
imlad_lavan_mund,0,1
imlad_panas_gil,0,1
imlad_raug_gond,0,0
imloth_alae_mirdan,0,4
imloth_anwar_thor,0,4
imloth_bronwe_tathar,0,0
imloth_firiel_certh,1,2
imloth_hadhod_adan,0,1
imloth_ithildin_aith,0,1
imloth_ogol_galvorn,0,1
imrad_achas_glamor,1,2
imrad_amlug_aran,0,3
imrad_in_puig,1,0
imrad_lavan_forodrim,0,0
imrad_lebed_corf,0,2
imrad_nothrim_Sindarin,0,1
imrad_pennas_nothrim,0,3
imrad_raug_barad,0,2
imrad_thamas_hervess,0,1
imrath_anwar_fang,0,1
imrath_drafn_nost,0,3
imrath_galas_alph,0,4
imrath_gaurwaith_mil,0,1
imrath_haust_lain,0,1
imrath_helegnen_calad,0,0
imrath_nost_ithildin,0,4
in_Gonhir_aphadrim,0,3
in_bragol_sammar,0,3
in_gwaloth_gaw,0,0
in_hervenn_malad,0,1
in_pendrath_glass,0,2
in_suil_firen,0,3
ingem_hub_lembas,0,0
ingem_lost_acharn,0,1
ingem_noroth_imloth,0,4
ingem_per_lin,0,4
ingem_rach_parf,0,0
ingem_rust_pilin,0,2
ingem_sirion_gwael,0,0
inias_Ithil_hand,0,2
inias_adar_gaur,0,1
inias_agor_gilgalad,0,4
inias_luin_tavor,0,2
inias_pilin_edlothiad,0,1
inias_ulug_honeg,0,3
iphant_ah_magol,0,2
iphant_forodrim_Mirion,0,3
iphant_grond_nimbrethil,0,0
iphant_gwador_glandagol,0,2
iphant_harad_gas,0,4
iphant_muinthel_amdir,0,1
iphant_neledh_archam,0,2
iphant_rovalug_bellas,0,2
ira_Eru_gul,0,1
ira_ennorath_minuial,0,3
ira_gwaun_imrad,0,1
ira_haeron_panas,0,3
ira_laer_nath,0,4
ira_laug_adar,0,2
ira_lobor_iaun,0,1
ira_rochir_fae,0,1
ira_tinuviel_uir,0,4
ist_acharn_pendrath,0,2
ist_bregedur_eilian,0,2
ist_cenedril_daen,0,4
ist_eglan_rom,0,1
ist_erchion_cyron,0,4
ist_laug_lunt,0,1
ist_sador_bregedur,0,1
ithildin_aegas_tegilbor,0,0
ithildin_ah_uanui,0,0
ithildin_firion_meril,0,3
ithildin_laes_aglareb,0,0
ithildin_lembas_uan,0,2
ithildin_salph_panas,0,3
ithron_aegas_Tawarwaith,0,3
ithron_andrann_lebdas,0,0
ithron_galvorn_gaur,1,0
ithron_navaer_soga,0,1
ithron_tirith_menel,0,0
lacha_Ennor_ogol,0,3
lacha_amlug_braig,0,1
lacha_badhor_raug,0,3
lacha_drego_thul,0,4
lacha_duin_uanui,0,1
lacha_eirien_fang,1,3
lacha_heledir_minas,0,3
lacha_pod_Mithrim,0,0
lacha_rochir_nath,0,1
lacha_saig_ulug,0,1
lachenn_angos_amlug,0,1
lachenn_badhor_gwend,1,4
lachenn_calad_cuin,0,2
lachenn_dirnaith_gwador,0,4
lachenn_galenas_tamin,0,4
lachenn_guldur_Mithrim,0,2
lachenn_imlad_cugu,0,1
lachenn_law_vin,0,1
lachenn_nothrim_gas,0,0
laer_anwar_lorn,0,2
laer_cund_elvellon,0,0
laer_gellui_gador,0,0
laer_hervess_celeb,0,3
laer_nell_randir,0,2
laer_rusc_uruk,0,4
laer_sogannen_idhren,0,2
laer_talraph_mil,0,2
laes_achad_baug,0,2
laes_acharn_tobas,0,4
laes_lunt_aran,0,3
laes_nestad_alph,0,2
lagor_adar_maethor,0,0
lagor_aduial_Dornhoth,0,4
lagor_cenedril_lost,0,4
lagor_gobennas_aiglos,0,4
lagor_narthan_mindon,0,2
lagor_rovalug_harad,0,3
lagor_tinnu_gli,0,4
lain_acharn_lam,0,0
lain_aranarth_rochir,0,3
lain_bronwe_tamin,0,0
lain_corch_bain,0,2
lain_dannas_aegas,0,0
lain_echad_hend,0,3
lain_ennorath_laug,0,4
lain_espalass_gellui,0,1
lain_faradrim_inias,0,2
lain_gilgalad_pess,0,3
lain_imlad_salph,0,1
lain_luin_cae,0,0
lain_tinuviel_aduial,0,3
lain_yll_imrad,0,1
lalaith_alag_adan,0,1
lalaith_galas_elvellon,0,2
lalaith_hud_dirnaith,0,2
lalaith_min_rhovan,0,1
lalaith_naer_rochir,0,0
lalaith_tirith_ris,0,2
lam_aegas_romru,0,4
lam_aeruil_muinthel,0,4
lam_anann_gador,0,3
lam_gwanur_lin,0,1
lam_lain_gath,0,3
lam_lathron_talraph,0,2
lam_maecheneb_limlug,1,2
lam_muinthel_minai,0,2
lang_Ithil_hu,0,1
lang_ablad_thavron,0,4
lang_hervenn_eilian,0,1
lang_imloth_lobor,0,1
lang_lalaith_meldir,0,0
lasguil_maethor_gorn,0,1
lasguil_suil_nestad,0,0
lasguil_thor_narthan,0,1
lass_alagos_dam,0,4
lass_fang_nadhras,0,4
lass_hast_mir,0,0
lass_suil_aiglos,0,0
lass_tobas_sammar,0,4
lathron_amlug_imlad,0,4
lathron_echad_dol,0,0
lathron_nell_amon,0,3
lathron_pess_aith,1,3
laug_aduial_gador,0,3
laug_dam_corf,0,1
laug_dam_nost,0,4
laug_ennorath_glamog,0,3
laug_galadh_cirdan,0,2
laug_glass_naer,0,4
laug_idhren_manadh,0,3
laug_imrath_gaur,0,0
laug_riel_callon,0,0
lavan_drafn_alagos,0,4
lavan_hud_annon,0,2
lavan_magor_meldir,0,3
lavan_paich_rhun,0,2
lavan_peredhel_pilin,0,3
lavan_pod_gli,0,4
lavan_ris_uanui,0,0
law_ablad_adab,0,3
law_faun_sogannen,0,0
law_heledh_sammar,0,4
law_ingem_navaer,0,4
law_ithildin_andrann,0,3
law_minuial_cabor,0,1
law_pent_sammar,0,3
law_soga_Tawarwaith,0,3
lebdas_Gwathuirim_rochir,0,1
lebdas_adab_aglareb,0,4
lebdas_curunir_cugu,0,0
lebdas_daen_duin,0,1
lebdas_gwend_firiel,0,4
lebdas_lhug_puig,0,2
lebdas_noroth_ang,0,3
lebdas_riel_cenedril,0,2
lebdas_ryn_hend,1,3
lebdas_saig_rach,0,0
lebed_adar_amath,0,1
lebed_amdir_aran,0,2
lebed_cair_lavan,0,2
lebed_erchion_emel,0,2
lebed_fern_agor,0,0
lebed_gaurwaith_fang,0,3
lebed_ithildin_galas,0,4
lebed_law_elvellon,0,2
lebed_nadhras_iphant,0,2
lebed_saew_minuial,0,3
lebed_thurin_rodwen,0,4
lebenedh_Eru_lost,0,2
lebenedh_aith_aear,0,2
lebenedh_celon_peredhel,0,0
lebenedh_dunadan_aerlinn,0,0
lebenedh_hwiniol_perian,0,0
lebenedh_imrad_adab,0,0
lebenedh_imrath_Gonhir,0,4
lebenedh_law_gwaloth,0,1
lebenedh_lebdas_elu,0,1
lebenedh_luith_luin,0,2
lebenedh_merilin_gwaun,0,0
lebenedh_paich_faun,0,0
lebenedh_uan_hand,0,3
lembas_corch_dagnir,0,3
lembas_corf_ylf,0,1
lembas_hast_helegnen,0,2
lembas_navaer_nagol,0,1
lembas_perian_aeruil,0,1
lembas_saew_ist,0,3
lembas_salph_balrog,0,3
lembas_uan_laug,1,1
lend_adar_yll,0,3
lend_andrann_raug,0,1
lend_dirnaith_ryn,0,2
lend_faradrim_glamog,0,2
lend_fuin_helegnen,0,2
lend_harad_aith,0,4
lend_hend_suil,0,4
lend_nagol_aegas,0,4
lend_nana_mindon,0,1
lhug_adar_cabed,0,1
lhug_aes_andrann,0,3
lhug_amlug_ithildin,0,3
lhug_cae_Rochirrim,0,0
lhug_eredh_puig,0,2
lhug_hu_mir,0,0
lhug_iar_pent,0,2
lhug_minuial_achas,0,4
lhug_raug_fae,0,2
limlug_aderthad_mithril,0,0
limlug_gul_mir,0,4
limlug_ingem_alae,0,3
limlug_mindon_iar,0,2
limlug_nestad_erchion,0,3
limlug_nestad_imrath,0,4
limlug_pess_gwend,0,1
limlug_saew_Ithil,0,2
lin_cirion_maecheneb,0,0
lin_cyron_amloth,0,0
lin_gador_talraph,0,2
lin_gondrath_bass,0,4
lin_graw_hend,1,4
lin_gwaloth_hu,1,4
lin_noroth_uir,0,1
lin_pess_vin,0,4
lin_uir_uruk,0,2
lobor_ank_cuil,0,2
lobor_gond_lossen,0,0
lobor_gwachaedir_emel,0,0
lobor_mithren_fang,0,0
lobor_saer_limlug,0,4
lorn_aglareb_grond,0,1
lorn_ithron_bain,0,0
lorn_magol_thavron,0,4
lorn_thul_gwathui,0,4
loss_agarwaen_laes,0,4
loss_alagos_ogol,0,2
loss_anann_yll,0,3
loss_cabor_rust,0,0
loss_faun_amath,0,2
loss_gobennas_law,0,1
loss_iaun_gwael,0,1
loss_laer_amloth,0,4
loss_tann_melethron,0,4
loss_toll_perian,0,0
lossen_aear_faun,0,1
lossen_drafn_aran,0,2
lossen_haeron_faun,0,0
lossen_hervenn_gwanur,0,3
lossen_loss_rust,0,4
lossen_mund_aeruil,0,0
lossen_pess_duin,0,4
lossen_rovalug_luithien,0,3
lost_calad_tavor,0,0
lost_curunir_noroth,0,1
lost_emel_elvellon,0,1
lost_heleg_magol,0,4
lost_malad_ist,0,4
lost_muil_cabed,0,3
lost_ulug_aeglir,0,4
lost_ungol_draug,0,3
luin_Eluwaith_thangail,0,2
luin_achad_ylf,0,4
luin_hervenn_echad,0,0
luin_naer_ingem,0,2
luin_thor_aear,0,2
luin_tobas_ulug,0,1
luith_dunedhel_ira,0,1
luith_echad_gil,0,2
luith_fast_aear,0,3
luith_faun_aglareb,0,3
luith_gobennas_ang,0,2
luith_hador_minuial,0,1
luith_harad_saelor,0,1
luith_min_imrad,0,3
luith_puig_cabed,1,1
luith_raegdan_lhug,0,2
luith_saig_aranarth,0,0
luithien_honeg_rovalug,0,4
luithien_maen_lass,0,4
luithien_mindon_eirien,0,3
lunt_aear_iaun,0,1
lunt_braig_nana,0,3
lunt_cenedril_toll,0,3
lunt_curunir_rusc,0,4
lunt_firion_gwaloth,0,4
lunt_gaw_gaurwaith,0,4
lunt_gwend_imrath,0,0
lunt_lossen_gwathui,0,0
lunt_saelor_Mirion,0,1
lunt_sogannen_certh,1,1
lunt_thul_Sindarin,0,4
maecheneb_cund_lavan,1,1
maecheneb_drafn_thurin,0,3
maecheneb_eryn_fervain,0,0
maecheneb_firiel_curunir,0,2
maecheneb_galad_melethril,0,2
maecheneb_galadh_Tawarwaith,0,4
maecheneb_galenas_corf,0,0
maecheneb_gwarth_amarth,0,2
maecheneb_manadh_achad,0,1
maecheneb_melethron_mir,0,3
maecheneb_pennas_ingem,0,1
maecheneb_rhach_morn,0,4
maecheneb_uruk_dagnir,0,1
maen_agarwaen_fast,0,0
maen_amloth_alag,0,4
maen_bass_rhovan,0,0
maen_dam_heron,0,1
maen_gaur_faradrim,0,0
maen_imloth_tavor,0,2
maen_ithron_laes,0,4
maen_raef_onodrim,0,3
maethor_ah_haeron,0,3
maethor_faen_cair,0,0
maethor_firiel_rusc,0,1
maethor_glass_edlothiad,0,1
maethor_hal_glamog,0,3
maethor_imloth_Eru,0,0
maethor_meldir_rhosc,0,4
maethor_rhach_edlothiad,0,3
maethor_tann_daen,1,3
maethor_tinnu_saer,0,1
maethor_tobas_laug,0,2
magol_Eluwaith_lossen,0,2
magol_ai_rochir,0,1
magol_bronwe_parf,0,0
magol_eredh_tathar,0,2
magol_gwaun_bragol,0,3
magol_hador_thor,0,0
magol_honeg_sirion,0,2
magol_lend_nidh,0,0
magol_menel_gwael,0,1
magol_mund_baug,0,1
magol_rochben_adab,0,4
magor_aiglos_amon,0,3
magor_amdir_glass,0,1
magor_dunadan_aran,0,3
magor_elvellon_caras,0,4
magor_hend_amarth,0,1
malad_acharn_Eluwaith,0,3
malad_aderthad_gil,0,0
malad_cabor_Sindarin,1,2
malad_emel_loss,0,3
malad_eryn_gondrath,0,1
malad_saer_balrog,0,1
manadh_Eru_adab,0,3
manadh_ennorath_nana,0,0
manadh_erchion_Dornhoth,0,0
manadh_gaurwaith_lalaith,0,4
manadh_hend_curunir,0,0
manadh_ithildin_rudh,0,1
manadh_loss_nost,0,3
manadh_melethron_rovalug,0,4
meldir_eglan_mirdan,0,3
meldir_faen_ingem,0,0
meldir_fang_gwaun,0,0
meldir_hwiniol_callon,0,0
meldir_iphant_ris,0,2
meldir_morn_gul,0,3
meldir_nagol_heron,0,3
meldir_rach_iar,0,1
melethril_bragol_tirith,0,2
melethril_gellui_tavor,0,3
melethril_imlad_mindon,0,1
melethril_maecheneb_gador,0,2
melethril_minas_ang,0,3
melethril_ogol_tirith,0,1
melethron_Rochirrim_Mithrim,1,0
melethron_drafn_Gwathuirim,0,0
melethron_graw_imrath,1,1
melethron_hu_nimbrethil,0,0
melethron_panas_aeglir,0,3
melethron_thul_aranarth,0,1
menel_aphadrim_aderthad,0,2
menel_certh_tinnu,0,3
menel_gas_calad,0,4
menel_gorn_gwador,0,1
menel_hervess_lend,0,1
menel_lebenedh_faradrim,0,4
menel_rhun_gas,0,3
menel_rochir_bregedur,0,1
menel_saew_uan,0,0
menel_salab_pendrath,0,4
menel_uanui_cae,0,4
mereth_aiglos_ram,0,2
mereth_faun_bass,0,4
mereth_forodrim_haradrim,0,0
mereth_iphant_gil,0,3
mereth_lachenn_heleg,0,3
mereth_romru_mir,0,2
meril_eglan_guldur,0,3
meril_lin_hand,0,3
meril_pethron_onodrim,0,4
merilin_balrog_lossen,0,4
merilin_gwanur_meldir,0,0
merilin_haeron_lain,0,2
merilin_iaun_rhosc,0,0
merilin_min_iphant,0,0
merilin_tann_barad,0,1
midh_gwachaedir_gli,0,2
midh_gwaun_cund,0,2
midh_ist_thangail,0,4
midh_morn_eglan,1,2
midh_nidh_Eru,0,4
midh_pennas_neledh,1,1
midh_raef_haust,0,4
midh_raug_minas,0,4
midh_rist_vin,0,4
midh_thangail_rist,0,4
mil_aear_Druadan,0,0
mil_ank_callon,0,1
mil_emel_mir,0,2
mil_eryn_callon,0,3
mil_guldur_gaw,0,2
mil_honeg_morn,0,0
mil_ris_lain,0,0
mil_ryn_tang,0,2
min_adan_bregedur,0,1
min_aerlinn_ah,0,4
min_corf_per,0,3
min_forodrim_hal,0,1
min_gil_lalaith,0,0
min_glass_Elrim,0,3
min_heleg_pethron,0,3
min_imrath_thul,0,4
min_lunt_eryn,0,2
min_noroth_manadh,0,4
min_talraph_Sindarin,1,3
minai_callon_rusc,0,4
minai_drego_bragol,0,0
minai_gul_hast,0,1
minai_hub_gwael,0,4
minai_ira_ylf,0,4
minai_lebed_eilian,0,1
minai_manadh_gwathui,0,1
minai_meldir_tinnu,0,4
minai_ulug_rudh,0,1
minai_uruk_rochir,0,0
minas_Eluwaith_araf,0,3
minas_corch_celair,0,2
minas_eglan_lebdas,0,3
minas_fuin_midh,0,0
minas_lain_cirion,0,1
minas_lebed_bellas,0,2
minas_lebed_midh,0,2
minas_lebed_minai,0,1
minas_lebenedh_celeb,0,0
minas_lembas_amarth,0,1
minas_rodwen_guldur,0,3
minas_rudh_harad,0,3
mindon_grond_emel,0,4
mindon_grond_pent,0,2
mindon_gwador_raegdan,0,4
mindon_heledh_gwador,0,3
mindon_helegnen_galad,0,4
mindon_lebdas_Rochirrim,0,0
mindon_magol_gwend,0,4
mindon_tamin_ah,0,2
mindon_tang_firion,0,3
minuial_Rochirrim_meril,0,0
minuial_aphadrim_yll,0,3
minuial_callon_ruith,0,1
minuial_gaurwaith_Gonhir,0,3
minuial_gondrath_gwaloth,0,4
minuial_law_hervess,0,4
minuial_meril_salab,0,0
minuial_morn_hador,0,1
mir_agar_aphadrim,0,4
mir_aglareb_Eluwaith,1,0
mir_alph_hadhod,0,3
mir_dunedhel_per,0,2
mir_galadh_hul,0,3
mir_gilgalad_aear,0,2
mir_pilin_mithren,0,2
mir_suil_hub,0,1
mirdan_amlug_imlad,0,0
mirdan_ank_ram,0,3
mirdan_gli_paich,0,3
mirdan_gul_imrath,0,2
mithren_Eluwaith_barad,0,2
mithren_daen_acharn,0,0
mithren_lin_in,0,0
mithren_melethron_dannas,0,4
mithren_nothrim_meldir,0,4
mithren_rochben_gwaloth,0,2
mithril_aderthad_gilgalad,0,3
mithril_amarth_lossen,0,2
mithril_dam_agarwaen,0,0
mithril_dannas_yll,0,3
mithril_espalass_Mirion,0,2
mithril_imrath_tamin,0,1
mithril_minai_honeg,0,2
mithril_minai_rodwen,0,1
mithril_nur_celon,0,3
mithril_suil_cugu,1,1
mithril_tachol_ang,0,0
morgul_acharn_gaurwaith,0,2
morgul_ang_firiel,0,2
morgul_ennorath_magor,0,2
morgul_espalass_lacha,0,0
morgul_fae_glass,0,1
morgul_lembas_dam,0,0
morn_amath_hend,0,3
morn_maecheneb_narthan,0,3
morn_naer_fang,0,3
morn_sogannen_midh,0,4
morn_tinuviel_cae,0,2
muil_Gwathuirim_espalass,0,3
muil_aderthad_cirdan,0,1
muil_baug_Dornhoth,0,2
muil_bragol_aeruil,0,0
muil_cuil_rhovan,0,4
muil_drego_meldir,0,4
muil_faradrim_ungol,0,1
muil_hun_alae,0,0
muil_imrath_per,0,1
muil_inias_dunadan,0,0
muil_nur_lachenn,0,1
muil_sammar_lossen,0,4
muil_thamas_nell,0,1
muinthel_aegas_Druadan,0,4
muinthel_cuil_uan,0,4
muinthel_fast_yll,0,1
muinthel_faun_rochben,0,1
muinthel_fervain_lend,0,4
muinthel_iphant_tathar,0,2
muinthel_noroth_lembas,0,0
muinthel_tann_amath,0,4
mund_Tawarwaith_firion,0,2
mund_callon_merilin,1,4
mund_galas_rust,1,4
mund_grond_amarth,0,1
mund_gwador_alagos,0,2
mund_gwarth_galadhrim,0,1
mund_loss_tinnu,0,1
mund_morgul_saelor,0,4
mund_muil_nidh,0,4
mund_parf_Eru,0,3
mund_rudh_saig,0,2
mund_sammar_aith,0,1
myril_Mirion_lathron,0,4
myril_Mithrim_gwanur,0,2
myril_aear_agor,0,2
myril_bragol_nagol,0,2
myril_drego_amath,0,4
myril_galadh_anwar,0,2
myril_glass_corch,0,2
myril_glaur_forodrim,0,0
myril_lagor_malad,0,0
myril_thavron_eilian,0,2
myril_thurin_ist,0,4
myril_uir_lost,1,3
nadhras_galas_nestad,0,4
nadhras_lam_celon,0,4
nadhras_pethron_ulug,0,0
nadhras_ylf_in,1,2
naer_alae_tobas,0,2
naer_emel_nidh,0,2
naer_onodrim_yll,0,4
naer_uruk_anwar,0,2
nagol_amdir_aranarth,0,0
nagol_cabed_firion,0,2
nagol_eredh_rhach,0,1
nagol_gaurwaith_firen,0,4
nagol_heledir_morgul,0,4
nagol_iar_rust,0,3
nagol_lavan_salab,0,2
nagol_minai_honeg,0,1
nagol_paich_Eluwaith,0,1
nagol_per_tachol,0,1
nana_Ennor_rudh,0,0
nana_Mithrim_fuin,0,1
nana_aith_eglan,0,1
nana_celeb_fast,0,4
nana_dirnaith_limlug,0,4
nana_lost_luin,0,0
nana_menel_randir,0,1
narthan_Ithil_gellui,0,1
narthan_alph_galas,0,0
narthan_bass_haudh,0,0
narthan_braig_uan,0,2
narthan_bregedur_honeg,0,1
narthan_cugu_mir,0,0
narthan_gas_alagos,0,3
narthan_gli_law,0,1
narthan_gwaloth_ris,0,0
narthan_hub_daen,0,0
narthan_lacha_iaun,0,3
narthan_puig_haeron,0,1
narthan_suil_araf,0,3
nath_Eru_faen,0,1
nath_corf_hadhod,0,3
nath_glass_lossen,0,0
nath_glaur_dirnaith,0,0
nath_ira_thangail,0,2
nath_lang_naer,1,0
navaer_eglan_Tawarwaith,0,3
navaer_ithron_gil,0,0
navaer_minuial_toll,0,2
navaer_morgul_inias,0,3
navaer_neledh_Ithil,0,1
neledh_Mirion_mithren,0,1
neledh_eglan_gwaloth,0,3
neledh_gwend_naer,1,0
neledh_lang_gwarth,0,4
neledh_mil_lathron,0,1
neledh_min_melethron,0,4
neledh_morgul_glaur,0,2
neledh_nell_cuin,0,2
neledh_rom_thor,0,1
neledh_tinuviel_inias,1,2
nell_adar_salph,0,1
nell_cabor_min,0,4
nell_dam_guldur,0,3
nell_galas_rhun,0,3
nell_glandagol_dam,0,4
nell_gwador_dirnaith,0,2
nell_ithildin_uir,0,0
nell_navaer_minas,0,1
nell_rusc_roch,0,2
nell_talraph_ylf,0,0
nell_tinuviel_adel,1,3
nestad_ablad_rach,0,1
nestad_agarwaen_saer,0,0
nestad_bain_fervain,0,2
nestad_cae_corf,0,2
nestad_honeg_Gonhir,0,3
nestad_ithildin_faun,0,0
nestad_lass_dirnaith,0,4
nestad_laug_ennorath,0,1
nestad_lin_corch,0,1
nestad_merilin_lain,0,4
nestad_pent_gaur,0,4
nestad_pethron_elu,0,4
nestad_ram_gwaun,0,1
nestad_sogannen_gobennas,0,0
nidh_acharn_law,0,4
nidh_hud_aran,0,1
nidh_ist_nestad,0,1
nidh_lembas_imloth,0,2
nidh_malad_pod,0,3
nidh_navaer_tobas,0,0
nidh_nim_firen,0,1
nidh_pendrath_dunedhel,0,1
nidh_ram_achas,0,2
nidh_rist_lost,0,1
nim_cuin_saer,0,2
nim_gath_eredh,0,2
nim_gwathui_suil,0,4
nim_idhren_Mirion,0,4
nim_lossen_lang,0,1
nimbrethil_Gwathuirim_salph,0,0
nimbrethil_adab_maethor,0,0
nimbrethil_annon_raug,0,4
nimbrethil_elvellon_hub,0,2
nimbrethil_espalass_emel,0,0
nimbrethil_fern_aphadrim,0,2
nimbrethil_gilgalad_rusc,0,4
nimbrethil_imlad_saig,0,2
nimbrethil_saer_saew,0,3
nimp_aear_lasguil,0,0
nimp_aear_lobor,0,0
nimp_alph_faen,0,3
nimp_bragol_hwiniol,1,4
nimp_braig_heron,0,3
nimp_hast_firiel,0,2
nimp_imlad_lost,0,3
nimp_tamin_alagos,0,4
nimp_ulug_Sindarin,0,4
ninglor_ablad_Gonhir,0,0
ninglor_ank_helegnen,0,3
ninglor_haradrim_ryn,0,3
ninglor_laes_gwachaedir,0,4
ninglor_lavan_menel,0,3
ninglor_rhovan_midh,1,4
ninglor_ruith_vin,0,3
ninglor_thurin_Rochirrim,0,3
noroth_aranarth_faun,0,4
noroth_drego_forodrim,0,0
noroth_glandagol_rodwen,0,1
noroth_haudh_law,0,4
noroth_hend_grond,0,2
noroth_ingem_amdir,0,1
noroth_magol_faun,0,4
noroth_raug_cirdan,0,2
noroth_romru_aear,0,3
noroth_tirith_luithien,0,4
nost_archam_annon,0,3
nost_glandagol_tobas,0,1
nost_loss_hal,1,2
nost_pent_limlug,0,2
nost_pod_drafn,0,0
nost_tachol_rom,0,4
nost_thangail_rhun,0,2
nost_ungol_gond,0,1
nothrim_bronwe_gellui,0,4
nothrim_forodrim_raef,0,4
nothrim_iphant_tegilbor,0,0
nothrim_ninglor_tinuviel,0,3
nothrim_rhach_achas,0,1
nothrim_ulug_gellui,0,4
nur_Eru_haradrim,0,1
nur_Sindarin_lost,0,4
nur_angos_gaurwaith,0,1
nur_bass_curunir,0,3
nur_firiel_magor,0,0
nur_nath_gorn,0,0
nur_nidh_fuin,0,1
ogol_Druadan_ennorath,0,2
ogol_faradrim_tathar,0,2
ogol_glamog_Gwathuirim,0,1
ogol_minai_ninglor,0,0
ogol_saig_adab,0,1
ogol_sogannen_mund,0,1
ogol_thul_rodwen,0,2
onodrim_anwar_faun,0,3
onodrim_archam_thor,0,3
onodrim_cuin_ogol,0,1
onodrim_dirnaith_minas,0,0
onodrim_fervain_ninglor,0,1
onodrim_galenas_cugu,0,4
onodrim_heleg_lalaith,0,1
onodrim_hervess_firion,0,3
onodrim_lagor_ram,0,2
onodrim_mithril_uruk,0,2
onodrim_romru_mindon,0,1
onodrim_ruith_lang,0,0
onodrim_ulug_lobor,0,0
paich_Druadan_tachol,0,4
paich_Mirion_aeruil,0,1
paich_alae_honeg,0,0
paich_amon_nagol,0,0
paich_erchion_ablad,0,0
paich_glamog_glamor,0,2
paich_graw_haradrim,0,0
paich_ithildin_gorn,0,3
paich_maecheneb_luithien,0,2
paich_rhovan_agar,0,0
paich_ungol_hast,0,0
paich_yll_minai,0,3
panas_aglareb_aear,0,4
panas_aith_harad,0,3
panas_daen_soga,0,2
panas_duin_annon,0,3
panas_dunadan_ingem,0,0
panas_hervess_mereth,0,4
panas_lalaith_bronwe,0,0
panas_magol_loss,0,0
panas_midh_cuin,0,4
panas_pilin_ah,0,1
panas_salph_raug,0,3
panas_soga_gador,0,0
panas_thor_rhun,0,1
parf_Ennor_idhren,0,1
parf_cugu_magol,0,3
parf_heledh_gwathui,0,2
parf_ingem_iphant,0,1
parf_malad_melethron,0,0
parf_per_ruith,0,4
parf_tang_pess,0,2
pendrath_Gwathuirim_Elrim,0,2
pendrath_Rochirrim_perian,0,4
pendrath_aes_Eru,0,0
pendrath_alph_luin,1,4
pendrath_amdir_lossen,0,1
pendrath_calad_magol,0,2
pendrath_cirdan_thor,0,0
pendrath_gond_faen,0,0
pendrath_gwend_riel,0,3
pendrath_haradrim_pethron,0,3
pendrath_lalaith_haeron,0,4
pendrath_lasguil_lang,0,1
pendrath_maethor_iar,0,1
pendrath_mithril_saelor,0,3
pennas_achas_gwilwileth,0,4
pennas_baneth_ingem,0,2
pennas_gond_aran,0,0
pennas_haeron_gwael,0,4
pennas_lunt_tinnu,1,2
pennas_rhun_gador,0,0
pennas_sammar_Dornhoth,1,4
pennas_sirion_firiel,0,4
pent_aduial_salph,0,0
pent_agor_bronwe,1,1
pent_alag_anwar,0,2
pent_celair_riel,0,0
pent_edlothiad_law,0,0
pent_gobennas_achas,0,0
pent_hador_fuin,0,4
pent_hul_hand,0,3
pent_iaun_haeron,0,1
pent_sammar_drego,0,2
per_Ithil_randir,0,2
per_aras_ninglor,0,3
per_baug_cund,0,4
per_echad_erchion,0,3
per_glamor_hu,0,2
per_hwiniol_nimbrethil,0,3
per_iar_badhor,0,4
per_maethor_uan,0,1
per_min_badhor,0,4
per_ris_idhren,0,0
peredhel_aeruil_forodrim,0,2
peredhel_alagos_lain,0,2
peredhel_espalass_amarth,0,0
peredhel_gli_nagol,0,4
peredhel_idhren_lebdas,0,3
peredhel_imrad_saer,0,1
peredhel_luithien_rusc,0,1
peredhel_nana_baneth,0,2
peredhel_pennas_archam,0,4
peredhel_tegilbor_dagnir,0,2
perian_ablad_faen,0,0
perian_fast_randir,0,0
perian_gwaun_minuial,0,2
perian_gwend_gwilwileth,0,0
perian_hador_heron,0,2
perian_iar_neledh,0,3
perian_lagor_luithien,0,2
perian_merilin_imrad,0,1
perian_mir_balrog,0,3
perian_saig_amdir,0,0
pess_Mirion_raug,0,2
pess_aeruil_anwar,0,4
pess_ank_cabor,0,4
pess_gwend_Gonhir,0,1
pess_ingem_thamas,0,2
pess_ithron_lebdas,0,2
pess_myril_navaer,0,2
pethron_Elrim_rochben,0,4
pethron_baug_braig,0,4
pethron_corf_menel,0,4
pethron_eilian_rach,0,4
pethron_fervain_gaur,0,0
pethron_gwaloth_badhor,0,2
pethron_lachenn_toll,0,2
pethron_lagor_aeruil,0,2
pethron_neledh_glae,0,0
pilin_balrog_magor,0,2
pilin_lebenedh_cund,1,0
pilin_lunt_uruk,0,2
pilin_minai_bellas,0,2
pilin_nimbrethil_glass,0,3
pilin_rust_glae,0,3
pod_faun_sammar,0,4
pod_gondrath_archam,0,3
pod_iar_celeb,0,3
pod_minai_salab,0,3
puig_annon_gilgalad,0,1
puig_lebed_lain,0,2
puig_mereth_badhor,0,1
puig_sogannen_gas,0,0
rach_Ennor_sador,0,0
rach_Gonhir_rom,0,0
rach_adan_cenedril,0,4
rach_ai_barad,0,1
rach_drego_gul,0,2
rach_dunadan_ennorath,0,2
rach_edlothiad_Sindarin,0,4
rach_gaw_tobas,0,4
rach_gwador_tachol,0,3
rach_heron_min,0,4
rach_lass_tathar,1,4
rach_magol_nothrim,0,3
rach_nath_gwathui,0,4
raef_Mirion_lebed,1,2
raef_Tawarwaith_mund,0,4
raef_aegas_agar,0,3
raef_amlug_corch,0,2
raef_celeb_tegilbor,0,3
raef_galadh_aran,0,2
raef_hud_baug,1,3
raef_limlug_gobennas,0,0
raef_lossen_panas,0,1
raef_min_ram,0,3
raegdan_adel_bragol,0,2
raegdan_ah_glamog,0,0
raegdan_baneth_melethron,0,3
raegdan_hand_adab,0,2
raegdan_lam_ennorath,0,2
raegdan_nell_Mithrim,0,4
raegdan_tann_amarth,0,0
raegdan_tathar_dam,0,2
ram_ai_lathron,0,3
ram_haeron_imrath,0,2
ram_idhren_harad,0,4
ram_lebdas_rist,0,4
ram_malad_tinnu,0,1
ram_ogol_cuil,0,3
ram_pod_pendrath,0,0
ram_thavron_rusc,1,4
randir_Gonhir_rusc,0,1
randir_bellas_acharn,0,2
randir_celeb_Druadan,0,3
randir_dam_ennorath,0,0
randir_laer_tathar,0,4
randir_melethril_lembas,0,2
randir_mereth_archam,0,3
randir_mir_tobas,0,4
randir_tobas_dagnir,0,4
raug_aran_eryn,0,1
raug_glamor_haeron,0,4
raug_lathron_gorn,0,4
raug_nim_balrog,0,1
raug_nimbrethil_peredhel,0,0
raug_parf_ungol,0,3
raug_riel_lain,0,4
raug_rist_thamas,0,1
rhach_acharn_ai,0,4
rhach_aegas_imloth,0,2
rhach_aeglir_midh,0,0
rhach_aeruil_glandagol,0,3
rhach_bellas_alae,0,2
rhach_lobor_nidh,0,3
rhach_lorn_Tawarwaith,1,0
rhach_ninglor_calad,0,3
rhach_pilin_menel,0,0
rhosc_Sindarin_raegdan,0,4
rhosc_cuin_gath,0,0
rhosc_galadhrim_rhovan,1,1
rhosc_lain_parf,0,1
rhosc_menel_eirien,0,3
rhosc_meril_uir,0,1
rhosc_minai_hend,0,1
rhosc_noroth_bragol,0,4
rhosc_onodrim_mund,0,4
rhovan_aes_perian,0,2
rhovan_gwaloth_elvellon,0,3
rhovan_malad_pilin,0,0
rhovan_noroth_hervenn,0,0
rhovan_suil_nath,0,0
rhovan_thurin_amdir,0,4
rhovan_ulug_thurin,0,0
rhovan_uruk_bragol,0,1
rhun_anwar_iaun,1,1
rhun_dagnir_eryn,0,0
rhun_fang_tavor,0,3
rhun_gwador_toll,0,2
rhun_mir_magol,0,3
rhun_mithril_baneth,0,4
riel_baug_nell,0,1
riel_edlothiad_elvellon,0,2
riel_glae_gellui,0,4
riel_glass_lasguil,0,3
riel_helegnen_achad,0,2
riel_hervenn_fervain,0,0
riel_hervess_thamas,0,1
riel_nadhras_firiel,0,4
riel_ram_harad,0,3
riel_tobas_Tawarwaith,0,4
ris_Eru_Ithil,0,1
ris_aduial_laer,0,3
ris_aerlinn_minuial,0,4
ris_ai_hend,0,0
ris_certh_mereth,0,4
ris_heledh_Tawarwaith,0,3
ris_hud_magor,0,1
ris_hul_minas,0,0
ris_manadh_cenedril,0,0
ris_nidh_bregedur,0,1
ris_perian_Tawarwaith,0,3
ris_tavor_navaer,0,2
ris_tobas_parf,0,2
rist_anwar_amlug,0,3
rist_cugu_rust,0,1
rist_cund_grond,0,0
rist_galas_angos,0,3
rist_gwador_sammar,0,1
rist_hal_cirdan,0,0
rist_lacha_hal,0,4
rist_lathron_saelor,0,2
rist_pethron_ris,0,1
rist_rach_cund,0,2
rist_thamas_bragol,0,3
roch_amloth_laer,0,1
roch_hal_eryn,0,0
roch_iphant_firen,0,4
roch_lhug_archam,0,1
roch_magol_luin,0,2
roch_pilin_galadh,0,1
rochben_agarwaen_guldur,0,1
rochben_cugu_galenas,0,1
rochben_gwaloth_melethron,1,4
rochben_lagor_galad,0,2
rochben_minas_Elrim,0,1
rochben_roch_naer,0,4
rochben_ylf_grond,1,2
rochir_Sindarin_merilin,0,4
rochir_eirien_tann,0,3
rochir_glamog_edlothiad,0,1
rochir_harad_corch,0,3
rochir_iar_Elrim,0,4
rochir_lebdas_panas,0,1
rochir_nidh_mil,0,3
rochir_rhovan_hun,0,1
rochir_thamas_celair,0,2
rochir_yll_ingem,0,2
rodwen_balrog_rhun,0,1
rodwen_elvellon_roch,0,1
rodwen_harad_adar,0,2
rodwen_lacha_maecheneb,0,3
rodwen_nell_gas,0,4
rodwen_randir_aerlinn,0,4
rodwen_tinnu_mund,0,0
rom_Mithrim_galenas,0,2
rom_adel_lorn,0,3
rom_cae_mil,0,1
rom_cuin_cenedril,0,0
rom_edlothiad_Ithil,0,3
rom_harad_glaur,0,0
rom_in_nur,0,0
rom_lass_laug,0,2
rom_lobor_lachenn,0,4
rom_maecheneb_lacha,1,1
rom_pethron_galvorn,0,4
rom_raef_lavan,0,4
rom_talraph_dirnaith,0,2
romru_Gwathuirim_per,0,2
romru_elvellon_alph,0,1
romru_glass_eglan,0,2
romru_grond_ninglor,0,2
romru_hud_tobas,1,4
romru_ithildin_alagos,0,0
romru_morgul_lossen,0,2
romru_ris_aeruil,0,2
rovalug_adel_tamin,0,4
rovalug_aranarth_draug,0,3
rovalug_certh_andrann,0,3
rovalug_drego_lachenn,0,3
rovalug_galadhrim_hun,0,1
rovalug_iar_espalass,0,3
rovalug_imlad_alagos,0,3
rovalug_pent_lam,0,4
rovalug_randir_pod,0,1
rudh_achas_lachenn,0,0
rudh_aegas_dirnaith,0,3
rudh_cabor_adab,0,1
rudh_elvellon_eglan,0,1
rudh_fang_alagos,0,0
rudh_hast_drego,0,1
rudh_hul_cair,0,2
rudh_imloth_hu,0,4
rudh_imrath_meril,0,2
rudh_ira_faun,0,2
rudh_luin_uan,0,4
rudh_per_adar,0,3
ruith_amon_yll,0,3
ruith_archam_emel,0,3
ruith_bain_gwachaedir,0,3
ruith_cuil_fast,0,1
ruith_drafn_certh,0,4
ruith_gaw_pethron,0,2
ruith_lalaith_heron,0,3
ruith_nell_alph,0,0
ruith_nimp_tobas,0,1
ruith_nur_aranarth,0,2
ruith_rochben_aes,0,2
rusc_aduial_laes,0,2
rusc_emel_rist,0,4
rusc_erchion_balrog,1,4
rusc_galas_lhug,0,4
rusc_hend_salab,0,4
rusc_lobor_agarwaen,0,1
rusc_navaer_eirien,0,4
rust_Rochirrim_lacha,0,2
rust_eredh_magor,0,3
rust_hador_parf,0,0
rust_noroth_lathron,0,3
rust_pilin_balrog,0,0
rust_raug_eglan,1,0
rust_sador_emel,0,1
rust_ungol_gador,0,1
ryn_Eluwaith_morn,0,0
ryn_Ithil_Ennor,0,0
ryn_amarth_rhach,0,1
ryn_cenedril_mil,0,0
ryn_fuin_guldur,0,0
ryn_laer_acharn,0,1
ryn_rhosc_ylf,0,2
ryn_ruith_celeb,0,2
ryn_salab_hul,0,2
ryn_thamas_imrath,0,0
sador_bass_tinuviel,0,1
sador_eryn_rochben,0,3
sador_heledir_gil,0,1
sador_lin_eilian,0,3
saelor_glass_cenedril,1,1
saelor_glass_gath,0,4
saelor_gwend_maecheneb,0,2
saelor_harad_uanui,0,4
saer_aith_talraph,0,3
saer_amarth_balrog,0,4
saer_archam_heledh,0,2
saer_baug_faradrim,0,0
saer_cabed_rom,0,2
saer_imrath_gorn,0,1
saer_mirdan_calad,0,1
saer_pendrath_aegas,0,0
saer_romru_Sindarin,0,2
saer_ylf_hervess,0,3
saew_aglareb_rhun,0,4
saew_andrann_rhosc,0,1
saew_rovalug_badhor,0,1
saig_Rochirrim_haust,0,4
saig_ang_edlothiad,0,2
saig_faun_draug,0,4
saig_forodrim_bass,0,0
saig_idhren_daen,0,2
saig_lam_callon,0,2
saig_lathron_Rochirrim,0,2
saig_lost_duin,0,1
saig_minuial_ungol,1,4
saig_nagol_rodwen,0,3
saig_puig_faun,0,1
saig_saew_panas,0,3
saig_sammar_faen,0,4
salab_agarwaen_heledir,0,3
salab_cabed_pilin,0,0
salab_dagnir_gobennas,0,2
salab_heledh_Rochirrim,0,0
salab_hu_maethor,0,2
salab_hwiniol_ira,0,1
salab_mirdan_Mirion,0,4
salab_pess_galvorn,0,4
salab_tirith_Ithil,1,2
salph_Eru_mithren,0,2
salph_badhor_tavor,0,0
salph_daen_ira,0,1
salph_espalass_baneth,0,4
salph_fern_tamin,0,1
salph_firion_harad,0,1
salph_galadhrim_glaur,0,3
salph_gondrath_achas,0,0
salph_iar_merilin,0,3
sammar_amarth_rusc,0,2
sammar_calad_alph,0,3
sammar_corch_fae,0,4
sammar_gaur_ram,0,4
sammar_glae_firiel,0,1
sammar_gond_fast,0,3
sammar_idhren_nath,0,3
sammar_luin_rom,0,2
sammar_mir_daen,0,0
sirion_aphadrim_amath,0,1
sirion_gellui_adab,0,4
sirion_gwathui_mund,0,4
sirion_heron_melethril,0,2
sirion_lobor_angos,0,1
sirion_muil_dirnaith,0,1
sirion_nim_rom,0,2
sirion_peredhel_suil,0,0
soga_Eru_muil,1,1
soga_aiglos_fuin,0,3
soga_amon_gwael,0,2
soga_fervain_thul,0,3
soga_firen_rist,0,1
soga_firion_cugu,0,4
soga_forodrim_aith,0,2
soga_galad_amon,0,1
soga_hador_hadhod,0,4
soga_mir_fuin,0,1
soga_naer_mirdan,0,4
soga_narthan_lembas,0,2
soga_nim_ram,0,1
soga_pent_aegas,0,1
soga_saer_elvellon,0,2
soga_ylf_gas,0,4
soga_yll_cirdan,0,0
sogannen_gador_ang,0,2
sogannen_rhun_lavan,0,3
suil_corf_cae,0,3
suil_dannas_haradrim,0,2
suil_dunedhel_gil,0,3
suil_gellui_nim,1,2
suil_lebenedh_tang,0,3
suil_mil_aeglir,0,2
suil_min_ris,0,2
suil_pennas_amdir,0,1
suil_sogannen_bain,1,2
tachol_anwar_mindon,1,0
tachol_barad_baneth,0,0
tachol_drafn_nidh,0,3
tachol_eirien_drego,0,0
tachol_hast_lam,0,3
tachol_lembas_iaun,0,4
tachol_nana_pendrath,0,4
tachol_saer_ruith,0,1
tachol_saew_sammar,0,3
tachol_saig_lorn,0,4
tachol_tang_pendrath,0,4
talraph_Ithil_caras,0,1
talraph_anann_nestad,0,1
talraph_glamor_galad,0,4
talraph_gwael_lunt,1,4
talraph_gwend_aeglir,0,1
talraph_haeron_Mithrim,0,1
talraph_midh_nimbrethil,0,0
talraph_minas_Mirion,0,2
talraph_myril_aras,1,0
talraph_tinnu_agarwaen,0,3
tamin_achas_lebed,0,1
tamin_aduial_parf,1,3
tamin_ah_hul,0,4
tamin_dol_ylf,0,3
tamin_drego_mil,0,2
tamin_imrad_salab,0,3
tamin_lam_cenedril,0,1
tamin_ungol_baneth,0,4
tamin_yll_panas,0,4
tang_Gwathuirim_aerlinn,0,1
tang_ablad_manadh,0,2
tang_adab_tirith,0,0
tang_aphadrim_gilgalad,0,2
tang_aranarth_gwanur,0,4
tang_fervain_ai,0,1
tang_hu_soga,0,0
tang_lalaith_laer,0,0
tang_lebenedh_rust,0,3
tang_uanui_malad,0,4
tann_achas_lembas,0,4
tann_braig_melethron,0,1
tann_firen_lossen,0,0
tann_gwaun_hub,0,1
tann_minas_melethron,0,3
tathar_helegnen_guldur,0,0
tathar_lavan_maen,0,3
tathar_lin_Eru,0,4
tathar_myril_nothrim,0,4
tathar_noroth_thor,0,3
tathar_tinnu_eryn,0,3
tathar_tobas_gobennas,0,3
tathar_uruk_adel,0,1
tavor_aegas_aranarth,0,2
tavor_bregedur_hervess,0,0
tavor_hud_parf,0,2
tavor_lembas_sogannen,0,0
tavor_luin_espalass,0,1
tavor_nath_ai,0,0
tegilbor_Mithrim_myril,0,4
tegilbor_corf_alph,0,3
tegilbor_elvellon_hend,0,4
tegilbor_luithien_glass,0,0
tegilbor_noroth_heledh,0,1
tegilbor_thamas_thangail,0,3
tegilbor_toll_faun,0,2
thamas_amarth_eredh,0,4
thamas_edlothiad_saer,0,4
thamas_gwarth_gwathui,0,2
thamas_gwilwileth_cund,0,1
thamas_hud_cuil,1,0
thamas_minas_tavor,0,2
thamas_pethron_eilian,0,3
thamas_rodwen_glandagol,0,4
thamas_sammar_ira,0,1
thangail_aduial_pendrath,0,4
thangail_aran_adan,0,4
thangail_dol_sirion,0,3
thangail_fae_riel,0,0
thangail_galadh_rodwen,1,0
thangail_hend_nadhras,0,4
thangail_nost_parf,0,1
thangail_raegdan_Gonhir,0,0
thangail_rhun_meldir,0,0
thangail_tang_galvorn,0,2
thavron_anwar_gwanur,0,0
thavron_curunir_nell,0,1
thavron_gaur_agar,0,2
thavron_rodwen_melethril,0,0
thor_aeruil_narthan,0,3
thor_cabor_eilian,0,1
thor_ennorath_iar,0,4
thor_ennorath_rovalug,0,1
thor_gwaloth_aegas,0,1
thor_lobor_hand,0,3
thor_mithril_tobas,0,2
thor_pod_agarwaen,0,0
thul_aeruil_gwaloth,0,0
thul_bronwe_dunedhel,0,2
thul_dunedhel_acharn,0,3
thul_guldur_menel,0,0
thul_iar_lalaith,0,0
thul_lebed_nim,0,4
thul_mirdan_nadhras,0,2
thul_neledh_nur,0,3
thul_rochben_eglan,0,3
thul_sirion_baneth,0,2
thul_ungol_glamog,0,1
thurin_Gonhir_Druadan,0,1
thurin_aegas_bregedur,1,0
thurin_aeruil_calad,0,4
thurin_alae_randir,0,0
thurin_cabor_hervess,0,2
thurin_espalass_maen,0,3
thurin_pent_minuial,0,3
thurin_rust_luin,0,4
thurin_soga_rovalug,0,4
thurin_tachol_amlug,0,1
tinnu_Eluwaith_mithril,0,0
tinnu_faun_gobennas,0,4
tinnu_gellui_tathar,0,2
tinnu_imloth_laer,0,3
tinnu_maen_gaurwaith,0,2
tinnu_raef_thor,0,2
tinuviel_Gwathuirim_aduial,0,1
tinuviel_luin_melethril,0,1
tinuviel_min_riel,0,2
tinuviel_randir_cuil,0,4
tinuviel_tamin_melethron,0,1
tinuviel_tann_nidh,0,0
tirith_aes_uir,0,4
tirith_agarwaen_toll,0,2
tirith_amath_mil,0,3
tirith_archam_saew,0,4
tirith_bregedur_galad,0,0
tirith_celeb_aeglir,0,1
tirith_raef_meril,0,2
tirith_randir_gwanur,0,2
tobas_Elrim_salph,1,2
tobas_cabed_andrann,0,2
tobas_hub_glandagol,0,4
tobas_hun_peredhel,1,0
tobas_myril_laug,0,1
tobas_nagol_laug,0,0
tobas_narthan_min,0,1
tobas_rist_rhach,0,4
toll_eredh_faen,0,3
toll_gorn_lagor,0,4
toll_lain_haust,0,0
toll_maecheneb_aranarth,0,0
toll_ninglor_ris,0,2
toll_rist_bragol,0,1
toll_saew_mil,0,4
uan_bellas_iaun,0,4
uan_braig_amlug,0,1
uan_gaur_maethor,0,4
uan_lacha_heron,0,0
uanui_mindon_per,0,2
uanui_mirdan_lacha,0,2
uanui_muil_emel,0,0
uanui_noroth_haust,0,4
uanui_rist_tamin,0,3
uanui_thor_cund,0,0
uir_alag_aran,0,3
uir_duin_faun,0,4
uir_edlothiad_espalass,0,1
uir_galas_ablad,0,2
uir_gaw_aeruil,0,2
uir_heleg_corf,0,2
uir_lalaith_Tawarwaith,0,3
uir_lavan_Sindarin,0,3
uir_pess_agar,0,1
uir_rhosc_law,0,2
ulug_Eluwaith_ingem,0,0
ulug_corch_lam,0,3
ulug_dagnir_tang,0,0
ulug_espalass_muil,0,0
ulug_grond_firen,0,0
ulug_hand_gellui,0,3
ulug_hervenn_menel,0,4
ulug_ram_amath,0,3
ulug_talraph_manadh,0,3
ulug_vin_Gonhir,0,3
ungol_aeruil_heledh,0,0
ungol_bregedur_faen,0,3
ungol_glamog_bain,0,4
ungol_iar_law,0,4
ungol_imrath_ruith,0,1
ungol_limlug_tirith,0,0
ungol_luin_callon,0,3
ungol_melethron_pilin,0,4
ungol_paich_gond,0,3
uruk_Tawarwaith_talraph,0,4
uruk_aran_yll,0,0
uruk_cirion_tamin,0,2
uruk_cund_nath,0,1
uruk_dunedhel_firiel,0,1
uruk_eglan_imrad,0,0
uruk_galvorn_hadhod,0,2
uruk_in_pess,0,2
uruk_ira_honeg,0,1
uruk_narthan_lin,0,1
uruk_paich_peredhel,0,0
uruk_saig_guldur,0,3
vin_araf_gwador,0,1
vin_aranarth_dol,1,4
vin_celeb_ruith,0,1
vin_imloth_morgul,0,0
ylf_Eluwaith_amlug,0,0
ylf_alph_mindon,0,4
ylf_dol_melethron,0,4
ylf_dunedhel_araf,0,0
ylf_gath_dannas,0,1
ylf_gwador_eilian,0,1
ylf_gwilwileth_glamor,0,1
ylf_imrath_galvorn,0,3
ylf_meldir_amloth,1,0
ylf_panas_rust,0,0
ylf_rovalug_tinuviel,0,1
ylf_suil_eirien,0,1
yll_Mirion_hud,0,3
yll_gellui_archam,0,3
yll_lebenedh_cair,0,4
yll_merilin_rach,1,2
yll_minai_gondrath,0,3
yll_rusc_cabor,0,4
yll_tamin_fern,0,4
